[Sat 08/15/2026 20:11:24.15] starting NGS node 
[*] node token: configured (fp=9c67af03a9da)
[*] bind      : 0.0.0.0:4444
[*] federate  : http://10.0.0.87:4444   <- peers link this URL
[*] HUD       : not mounted (network-exposed, no NGS_HUD_USER/PASSWORD) - intended
[*] peers need NGS_ALLOW_INSECURE_CLOUD=1 for plaintext http to 10.0.0.87
[*] exec      : C:\Users\super\Watchtower\NouGen\NouGenShards-push-main\.venv\Scripts\python.exe -m uvicorn app:app --host 0.0.0.0 --port 4444
[WARN] Interactive API docs not mounted: host is network-exposed (bind=0.0.0.0, managed_platform=False). Set NGS_DOCS_PUBLIC=1 to publish /docs, /redoc and /openapi.json anyway.
C:\Users\super\Watchtower\NouGen\NouGenShards-push-main\app.py:894: UserWarning: The parameters have been moved from the Blocks constructor to the launch() method in Gradio 6.0: theme. Please pass these parameters to launch() instead.
  with gr.Blocks(title="NouGenShards Cortex HUD", theme=gr.themes.Soft()) as cortex_hud:
[08/15/26 20:11:50] INFO     HTTP Request: HEAD                 _client.py:1025
                             https://huggingface.co/api/telemet                
                             ry/https%3A/api.gradio.app/gradio-                
                             initiated-analytics "HTTP/1.1 200                 
                             OK"                                               
                    INFO     HTTP Request: GET                  _client.py:1025
                             https://api.gradio.app/pkg-version                
                             "HTTP/1.1 200 OK"                                 
[WARN] Cortex HUD not mounted: host is network-exposed (bind=0.0.0.0, managed_platform=False) and NGS_HUD_USER/NGS_HUD_PASSWORD are unset. The /mcp endpoint and REST API remain available; set both env vars to serve the vault UI.
INFO:     Started server process [41996]
INFO:     Waiting for application startup.
[08/15/26 20:11:51] INFO     StreamableHTTP      streamable_http_manager.py:131
                             session manager                                   
                             started                                           
INFO:     Application startup complete.
INFO:     Uvicorn running on http://0.0.0.0:4444 (Press CTRL+C to quit)
INFO:     127.0.0.1:2354 - "GET /health HTTP/1.1" 200 OK
INFO:     2a06:98c0:3600::103:0 - "GET /health HTTP/1.1" 200 OK
INFO:     2601:58b:1700:6960:c129:ce4:5b81:ba86:0 - "GET /health HTTP/1.1" 200 OK
[08/15/26 20:12:49] INFO     Processing request of type           server.py:727
                             CallToolRequest                                   
INFO:     160.79.106.179:0 - "POST /mcp/ HTTP/1.1" 200 OK
                    INFO     Terminating session: None   streamable_http.py:785
[08/15/26 20:12:56] INFO     Processing request of type           server.py:727
                             CallToolRequest                                   
INFO:     160.79.106.177:0 - "POST /mcp/ HTTP/1.1" 200 OK
[08/15/26 20:12:58] INFO     Terminating session: None   streamable_http.py:785
INFO:     2600:1006:b096:544f:6c08:b091:9be7:bbfe:0 - "POST /mcp HTTP/1.1" 307 Temporary Redirect
INFO:     2600:1006:b096:544f:6c08:b091:9be7:bbfe:0 - "POST /mcp/ HTTP/1.1" 401 Unauthorized
INFO:     2600:1006:b096:544f:6c08:b091:9be7:bbfe:0 - "POST /sse HTTP/1.1" 404 Not Found
INFO:     2600:1006:b096:544f:6c08:b091:9be7:bbfe:0 - "GET /health HTTP/1.1" 200 OK
INFO:     2600:1006:b096:544f:6c08:b091:9be7:bbfe:0 - "GET /favicon.ico HTTP/1.1" 404 Not Found
INFO:     160.79.106.185:0 - "POST /mcp/ HTTP/1.1" 200 OK
[08/15/26 20:23:46] INFO     Terminating session: None   streamable_http.py:785
INFO:     160.79.106.185:0 - "POST /mcp/ HTTP/1.1" 202 Accepted
                    INFO     Terminating session: None   streamable_http.py:785
                    INFO     Processing request of type           server.py:727
                             ListToolsRequest                                  
INFO:     160.79.106.180:0 - "POST /mcp/ HTTP/1.1" 200 OK
                    INFO     Terminating session: None   streamable_http.py:785
INFO:     160.79.106.181:0 - "POST /mcp/ HTTP/1.1" 200 OK
[08/15/26 20:23:50] INFO     Terminating session: None   streamable_http.py:785
INFO:     160.79.106.181:0 - "POST /mcp/ HTTP/1.1" 202 Accepted
                    INFO     Terminating session: None   streamable_http.py:785
[08/15/26 20:23:51] INFO     Processing request of type           server.py:727
                             ListPromptsRequest                                
INFO:     160.79.106.181:0 - "POST /mcp/ HTTP/1.1" 200 OK
                    INFO     Terminating session: None   streamable_http.py:785
                    INFO     Processing request of type           server.py:727
                             ListToolsRequest                                  
                    INFO     Processing request of type           server.py:727
                             ListResourcesRequest                              
INFO:     160.79.106.181:0 - "POST /mcp/ HTTP/1.1" 200 OK
                    INFO     Terminating session: None   streamable_http.py:785
INFO:     160.79.106.181:0 - "POST /mcp/ HTTP/1.1" 200 OK
                    INFO     Terminating session: None   streamable_http.py:785
INFO:     35.239.245.65:0 - "GET /sse HTTP/1.1" 404 Not Found
INFO:     35.239.245.65:0 - "POST /sse HTTP/1.1" 404 Not Found
INFO:     2601:58b:1700:6960:c129:ce4:5b81:ba86:0 - "GET /health HTTP/1.1" 200 OK
INFO:     2601:58b:1700:6960:c129:ce4:5b81:ba86:0 - "GET /health HTTP/1.1" 200 OK
INFO:     127.0.0.1:8230 - "POST /mcp/?token=oihMSih9J2qfdURVrZis_DY7wPANP6S9Z_K1PrZGgTo HTTP/1.1" 200 OK
[08/15/26 21:03:47] INFO     Terminating session: None   streamable_http.py:785
                    INFO     Processing request of type           server.py:727
                             CallToolRequest                                   
INFO:     127.0.0.1:8231 - "POST /mcp/?token=oihMSih9J2qfdURVrZis_DY7wPANP6S9Z_K1PrZGgTo HTTP/1.1" 200 OK
[08/15/26 21:03:51] INFO     Terminating session: None   streamable_http.py:785
INFO:     2a06:98c0:3600::103:0 - "GET /health HTTP/1.1" 200 OK
INFO:     2a06:98c0:3600::103:0 - "GET /health HTTP/1.1" 200 OK
INFO:     2601:58b:1700:6960:696e:9587:32bb:3475:0 - "GET /_gateway HTTP/1.1" 404 Not Found
INFO:     2601:58b:1700:6960:696e:9587:32bb:3475:0 - "GET /health HTTP/1.1" 200 OK
INFO:     2601:58b:1700:6960:34af:3c67:ab8c:1f3b:0 - "GET /health HTTP/1.1" 200 OK
INFO:     2601:58b:1700:6960:34af:3c67:ab8c:1f3b:0 - "GET /_gateway HTTP/1.1" 404 Not Found
[Sat 08/15/2026 21:35:47.54] starting NGS node 
[*] node token: configured (fp=9c67af03a9da)
[*] bind      : 0.0.0.0:4444
[*] federate  : http://127.0.0.1:4444   <- peers link this URL
[*] HUD       : not mounted (network-exposed, no NGS_HUD_USER/PASSWORD) - intended
[*] peers need NGS_ALLOW_INSECURE_CLOUD=1 for plaintext http to 127.0.0.1
[*] exec      : C:\Users\super\Watchtower\NouGen\NouGenShards-push-main\.venv\Scripts\python.exe -m uvicorn app:app --host 0.0.0.0 --port 4444
[WARN] Interactive API docs not mounted: host is network-exposed (bind=0.0.0.0, managed_platform=False). Set NGS_DOCS_PUBLIC=1 to publish /docs, /redoc and /openapi.json anyway.
C:\Users\super\Watchtower\NouGen\NouGenShards-push-main\app.py:894: UserWarning: The parameters have been moved from the Blocks constructor to the launch() method in Gradio 6.0: theme. Please pass these parameters to launch() instead.
  with gr.Blocks(title="NouGenShards Cortex HUD", theme=gr.themes.Soft()) as cortex_hud:
[08/15/26 21:40:37] INFO     HTTP Request: HEAD                 _client.py:1025
                             https://huggingface.co/api/telemet                
                             ry/https%3A/api.gradio.app/gradio-                
                             initiated-analytics "HTTP/1.1 200                 
                             OK"                                               
[WARN] Cortex HUD not mounted: host is network-exposed (bind=0.0.0.0, managed_platform=False) and NGS_HUD_USER/NGS_HUD_PASSWORD are unset. The /mcp endpoint and REST API remain available; set both env vars to serve the vault UI.
[08/15/26 21:40:38] INFO     HTTP Request: GET                  _client.py:1025
                             https://api.gradio.app/pkg-version                
                             "HTTP/1.1 200 OK"                                 
INFO:     Started server process [2152]
INFO:     Waiting for application startup.
                    INFO     StreamableHTTP      streamable_http_manager.py:131
                             session manager                                   
                             started                                           
INFO:     Application startup complete.
INFO:     Uvicorn running on http://0.0.0.0:4444 (Press CTRL+C to quit)
[Sun 08/16/2026  6:00:28.58] starting NGS node 
[*] node token: configured (fp=9c67af03a9da)
[*] bind      : 0.0.0.0:4444
[*] federate  : http://127.0.0.1:4444   <- peers link this URL
[*] HUD       : not mounted (network-exposed, no NGS_HUD_USER/PASSWORD) - intended
[*] peers need NGS_ALLOW_INSECURE_CLOUD=1 for plaintext http to 127.0.0.1
[*] exec      : C:\Users\super\Watchtower\NouGen\NouGenShards-push-main\.venv\Scripts\python.exe -m uvicorn app:app --host 0.0.0.0 --port 4444
^C[Mon 08/17/2026  1:20:26.93] starting NGS node 
[*] node token: configured (fp=9c67af03a9da)
[*] bind      : 0.0.0.0:4444
[*] federate  : http://10.0.0.87:4444   <- peers link this URL
[*] HUD       : not mounted (network-exposed, no NGS_HUD_USER/PASSWORD) - intended
[*] peers need NGS_ALLOW_INSECURE_CLOUD=1 for plaintext http to 10.0.0.87
[*] exec      : C:\Users\super\Watchtower\NouGen\NouGenShards-push-main\.venv\Scripts\python.exe -m uvicorn app:app --host 0.0.0.0 --port 4444
[WARN] Interactive API docs not mounted: host is network-exposed (bind=0.0.0.0, managed_platform=False). Set NGS_DOCS_PUBLIC=1 to publish /docs, /redoc and /openapi.json anyway.
C:\Users\super\Watchtower\NouGen\NouGenShards-push-main\app.py:948: UserWarning: The parameters have been moved from the Blocks constructor to the launch() method in Gradio 6.0: theme. Please pass these parameters to launch() instead.
  with gr.Blocks(title="NouGenShards Cortex HUD", theme=gr.themes.Soft()) as cortex_hud:
[08/17/26 01:20:52] INFO     HTTP Request: HEAD                 _client.py:1025
                             https://huggingface.co/api/telemet                
                             ry/https%3A/api.gradio.app/gradio-                
                             initiated-analytics "HTTP/1.1 200                 
                             OK"                                               
[08/17/26 01:20:53] INFO     HTTP Request: GET                  _client.py:1025
                             https://api.gradio.app/pkg-version                
                             "HTTP/1.1 200 OK"                                 
[WARN] Cortex HUD not mounted: host is network-exposed (bind=0.0.0.0, managed_platform=False) and NGS_HUD_USER/NGS_HUD_PASSWORD are unset. The /mcp endpoint and REST API remain available; set both env vars to serve the vault UI.
INFO:     Started server process [34104]
INFO:     Waiting for application startup.
                    INFO     StreamableHTTP      streamable_http_manager.py:131
                             session manager                                   
                             started                                           
INFO:     Application startup complete.
INFO:     Uvicorn running on http://0.0.0.0:4444 (Press CTRL+C to quit)
INFO:     127.0.0.1:1584 - "GET /health HTTP/1.1" 200 OK
INFO:     2a06:98c0:3600::103:0 - "GET /health HTTP/1.1" 200 OK
INFO:     2a06:98c0:3600::103:0 - "POST /mcp/ HTTP/1.1" 200 OK
[08/17/26 01:21:16] INFO     Terminating session: None   streamable_http.py:785
                    INFO     Processing request of type           server.py:727
                             CallToolRequest                                   
[08/17/26 01:21:36] WARNING  external DB skipped (conf 1): disallowed sql.py:64
                             URI scheme                                        
                    WARNING  external DB skipped (conf 2): disallowed sql.py:64
                             URI scheme                                        
                    WARNING  external DB skipped (conf 3): disallowed sql.py:64
                             URI scheme                                        
                    WARNING  external DB skipped (conf 4): disallowed sql.py:64
                             URI scheme                                        
[08/17/26 01:24:12] ERROR    Exception in callback          base_events.py:1757
                             _ProactorBasePipeTransport._ca                    
                             ll_connection_lost(None)                          
                             handle: <Handle                                   
                             _ProactorBasePipeTransport._ca                    
                             ll_connection_lost(None)>                         
                             +- Traceback (most recent ca-+                    
                             | C:\Users\super\AppData\Loc |                    
                             | al\Programs\Python\Python3 |                    
                             | 11\Lib\asyncio\events.py:8 |                    
                             | 0 in _run                  |                    
                             |                            |                    
                             |    77                      |                    
                             |    78     def _run(self):  |                    
                             |    79         try:         |                    
                             | >  80             self._co |                    
                             |    81         except (Syst |                    
                             |    82             raise    |                    
                             |    83         except BaseE |                    
                             |                            |                    
                             | C:\Users\super\AppData\Loc |                    
                             | al\Programs\Python\Python3 |                    
                             | 11\Lib\asyncio\proactor_ev |                    
                             | ents.py:162 in             |                    
                             | _call_connection_lost      |                    
                             |                            |                    
                             |   159             # just c |                    
                             |   160             # cure i |                    
                             |   161             if hasat |                    
                             | > 162                 self |                    
                             |   163             self._so |                    
                             |   164             self._so |                    
                             |   165             server = |                    
                             +----------------------------+                    
                             ConnectionResetError:                             
                             [WinError 10054] An existing                      
                             connection was forcibly closed                    
                             by the remote host                                
[08/17/26 01:24:13] INFO     Terminating session: None   streamable_http.py:785
                    INFO     Processing request of type           server.py:727
                             CallToolRequest                                   
[08/17/26 01:24:18] WARNING  external DB skipped (conf 1): disallowed sql.py:64
                             URI scheme                                        
                    WARNING  external DB skipped (conf 2): disallowed sql.py:64
                             URI scheme                                        
                    WARNING  external DB skipped (conf 3): disallowed sql.py:64
                             URI scheme                                        
                    WARNING  external DB skipped (conf 4): disallowed sql.py:64
                             URI scheme                                        
INFO:     2a06:98c0:3600::103:0 - "POST /mcp/ HTTP/1.1" 200 OK
[08/17/26 01:24:43] INFO     Terminating session: None   streamable_http.py:785
                    INFO     Processing request of type           server.py:727
                             CallToolRequest                                   
[08/17/26 01:24:59] WARNING  external DB skipped (conf 1): disallowed sql.py:64
                             URI scheme                                        
                    WARNING  external DB skipped (conf 2): disallowed sql.py:64
                             URI scheme                                        
                    WARNING  external DB skipped (conf 3): disallowed sql.py:64
                             URI scheme                                        
                    WARNING  external DB skipped (conf 4): disallowed sql.py:64
                             URI scheme                                        
INFO:     2a06:98c0:3600::103:0 - "POST /mcp/ HTTP/1.1" 200 OK
[08/17/26 01:27:37] INFO     Terminating session: None   streamable_http.py:785
                    ERROR    Exception in callback          base_events.py:1757
                             _ProactorBasePipeTransport._ca                    
                             ll_connection_lost(None)                          
                             handle: <Handle                                   
                             _ProactorBasePipeTransport._ca                    
                             ll_connection_lost(None)>                         
                             +- Traceback (most recent ca-+                    
                             | C:\Users\super\AppData\Loc |                    
                             | al\Programs\Python\Python3 |                    
                             | 11\Lib\asyncio\events.py:8 |                    
                             | 0 in _run                  |                    
                             |                            |                    
                             |    77                      |                    
                             |    78     def _run(self):  |                    
                             |    79         try:         |                    
                             | >  80             self._co |                    
                             |    81         except (Syst |                    
                             |    82             raise    |                    
                             |    83         except BaseE |                    
                             |                            |                    
                             | C:\Users\super\AppData\Loc |                    
                             | al\Programs\Python\Python3 |                    
                             | 11\Lib\asyncio\proactor_ev |                    
                             | ents.py:162 in             |                    
                             | _call_connection_lost      |                    
                             |                            |                    
                             |   159             # just c |                    
                             |   160             # cure i |                    
                             |   161             if hasat |                    
                             | > 162                 self |                    
                             |   163             self._so |                    
                             |   164             self._so |                    
                             |   165             server = |                    
                             +----------------------------+                    
                             ConnectionResetError:                             
                             [WinError 10054] An existing                      
                             connection was forcibly closed                    
                             by the remote host                                
                    INFO     Terminating session: None   streamable_http.py:785
INFO:     127.0.0.1:2242 - "GET /health HTTP/1.1" 200 OK
INFO:     127.0.0.1:6121 - "GET /health HTTP/1.1" 200 OK
INFO:     127.0.0.1:6121 - "GET /health HTTP/1.1" 200 OK
INFO:     127.0.0.1:6121 - "GET /health HTTP/1.1" 200 OK
[08/17/26 01:27:47] WARNING  external DB skipped (conf 1): disallowed sql.py:64
                             URI scheme                                        
                    WARNING  external DB skipped (conf 2): disallowed sql.py:64
                             URI scheme                                        
                    WARNING  external DB skipped (conf 3): disallowed sql.py:64
                             URI scheme                                        
                    WARNING  external DB skipped (conf 4): disallowed sql.py:64
                             URI scheme                                        
INFO:     127.0.0.1:1793 - "GET /health HTTP/1.1" 200 OK
INFO:     127.0.0.1:6123 - "POST /search HTTP/1.1" 200 OK
INFO:     127.0.0.1:12443 - "GET /health HTTP/1.1" 200 OK
INFO:     127.0.0.1:12446 - "GET /health HTTP/1.1" 200 OK
[08/17/26 01:32:21] WARNING  external DB skipped (conf 1): disallowed sql.py:64
                             URI scheme                                        
                    WARNING  external DB skipped (conf 2): disallowed sql.py:64
                             URI scheme                                        
                    WARNING  external DB skipped (conf 3): disallowed sql.py:64
                             URI scheme                                        
                    WARNING  external DB skipped (conf 4): disallowed sql.py:64
                             URI scheme                                        
INFO:     2601:58b:1700:6960:f991:75ed:2902:2426:0 - "GET /health HTTP/1.1" 200 OK
INFO:     2a06:98c0:3600::103:0 - "POST /mcp/ HTTP/1.1" 200 OK
[08/17/26 01:33:05] INFO     Terminating session: None   streamable_http.py:785
                    INFO     Processing request of type           server.py:727
                             CallToolRequest                                   
[08/17/26 01:33:20] WARNING  external DB skipped (conf 1): disallowed sql.py:64
                             URI scheme                                        
                    WARNING  external DB skipped (conf 2): disallowed sql.py:64
                             URI scheme                                        
                    WARNING  external DB skipped (conf 3): disallowed sql.py:64
                             URI scheme                                        
                    WARNING  external DB skipped (conf 4): disallowed sql.py:64
                             URI scheme                                        
INFO:     127.0.0.1:12447 - "POST /search HTTP/1.1" 200 OK
INFO:     2a06:98c0:3600::103:0 - "POST /mcp/ HTTP/1.1" 200 OK
[08/17/26 01:33:28] INFO     Terminating session: None   streamable_http.py:785
INFO:     2a06:98c0:3600::103:0 - "POST /mcp/ HTTP/1.1" 200 OK
[08/17/26 01:33:57] INFO     Terminating session: None   streamable_http.py:785
                    INFO     Processing request of type           server.py:727
                             CallToolRequest                                   
INFO:     2a06:98c0:3600::103:0 - "POST /mcp/ HTTP/1.1" 200 OK
[08/17/26 01:34:02] INFO     Terminating session: None   streamable_http.py:785
INFO:     2a06:98c0:3600::103:0 - "POST /mcp/ HTTP/1.1" 200 OK
                    INFO     Terminating session: None   streamable_http.py:785
                    INFO     Processing request of type           server.py:727
                             CallToolRequest                                   
[08/17/26 01:34:15] WARNING  external DB skipped (conf 1): disallowed sql.py:64
                             URI scheme                                        
                    WARNING  external DB skipped (conf 2): disallowed sql.py:64
                             URI scheme                                        
                    WARNING  external DB skipped (conf 3): disallowed sql.py:64
                             URI scheme                                        
                    WARNING  external DB skipped (conf 4): disallowed sql.py:64
                             URI scheme                                        
[08/17/26 01:35:16] INFO     Terminating session: None   streamable_http.py:785
INFO:     2601:58b:1700:6960:f991:75ed:2902:2426:0 - "GET /health HTTP/1.1" 200 OK
INFO:     127.0.0.1:11861 - "GET /sync/hashes HTTP/1.1" 404 Not Found
[08/17/26 01:40:45] WARNING  external DB skipped (conf 1): disallowed sql.py:64
                             URI scheme                                        
                    WARNING  external DB skipped (conf 2): disallowed sql.py:64
                             URI scheme                                        
                    WARNING  external DB skipped (conf 3): disallowed sql.py:64
                             URI scheme                                        
                    WARNING  external DB skipped (conf 4): disallowed sql.py:64
                             URI scheme                                        
INFO:     127.0.0.1:3820 - "POST /search HTTP/1.1" 200 OK
[Mon 08/17/2026  1:47:42.12] NGS node exited with -1 
[Mon 08/17/2026 15:45:14.86] starting NGS node 
[*] node token: configured (fp=9c67af03a9da)
[*] bind      : 0.0.0.0:4444
[*] federate  : http://10.0.0.87:4444   <- peers link this URL
[*] HUD       : not mounted (network-exposed, no NGS_HUD_USER/PASSWORD) - intended
[*] peers need NGS_ALLOW_INSECURE_CLOUD=1 for plaintext http to 10.0.0.87
[*] exec      : C:\Users\super\Watchtower\NouGen\NouGenShards-push-main\.venv\Scripts\python.exe -m uvicorn app:app --host 0.0.0.0 --port 4444
[WARN] Interactive API docs not mounted: host is network-exposed (bind=0.0.0.0, managed_platform=False). Set NGS_DOCS_PUBLIC=1 to publish /docs, /redoc and /openapi.json anyway.
C:\Users\super\Watchtower\NouGen\NouGenShards-push-main\app.py:1001: UserWarning: The parameters have been moved from the Blocks constructor to the launch() method in Gradio 6.0: theme. Please pass these parameters to launch() instead.
  with gr.Blocks(title="NouGenShards Cortex HUD", theme=gr.themes.Soft()) as cortex_hud:
[08/17/26 15:45:42] INFO     HTTP Request: HEAD                 _client.py:1025
                             https://huggingface.co/api/telemet                
                             ry/https%3A/api.gradio.app/gradio-                
                             initiated-analytics "HTTP/1.1 200                 
                             OK"                                               
[08/17/26 15:45:43] INFO     HTTP Request: GET                  _client.py:1025
                             https://api.gradio.app/pkg-version                
                             "HTTP/1.1 200 OK"                                 
[WARN] Cortex HUD not mounted: host is network-exposed (bind=0.0.0.0, managed_platform=False) and NGS_HUD_USER/NGS_HUD_PASSWORD are unset. The /mcp endpoint and REST API remain available; set both env vars to serve the vault UI.
INFO:     Started server process [50212]
INFO:     Waiting for application startup.
                    INFO     StreamableHTTP      streamable_http_manager.py:131
                             session manager                                   
                             started                                           
INFO:     Application startup complete.
INFO:     Uvicorn running on http://0.0.0.0:4444 (Press CTRL+C to quit)
INFO:     127.0.0.1:11471 - "GET /health HTTP/1.1" 200 OK
INFO:     2601:58b:1700:6960:8d8:e7ea:9fc7:deca:0 - "GET /health HTTP/1.1" 200 OK
INFO:     2a06:98c0:3600::103:0 - "GET /health HTTP/1.1" 200 OK
INFO:     2601:58b:1700:6960:8d8:e7ea:9fc7:deca:0 - "GET /health HTTP/1.1" 200 OK
INFO:     2601:58b:1700:6960:8d8:e7ea:9fc7:deca:0 - "GET /health HTTP/1.1" 200 OK
INFO:     2601:58b:1700:6960:8d8:e7ea:9fc7:deca:0 - "GET /health HTTP/1.1" 200 OK
INFO:     167.172.200.251:0 - "GET / HTTP/1.1" 404 Not Found
INFO:     2601:58b:1700:6960:8d8:e7ea:9fc7:deca:0 - "GET /health HTTP/1.1" 200 OK
INFO:     2a06:98c0:3600::103:0 - "POST /mcp/ HTTP/1.1" 200 OK
[08/17/26 17:42:19] INFO     Terminating session: None   streamable_http.py:785
                    INFO     Processing request of type           server.py:727
                             CallToolRequest                                   
[08/17/26 17:42:31] WARNING  external DB skipped (conf 1): disallowed sql.py:64
                             URI scheme                                        
                    WARNING  external DB skipped (conf 2): disallowed sql.py:64
                             URI scheme                                        
                    WARNING  external DB skipped (conf 3): disallowed sql.py:64
                             URI scheme                                        
                    WARNING  external DB skipped (conf 4): disallowed sql.py:64
                             URI scheme                                        
[08/17/26 17:42:32] WARNING  local vault skipped (24):       local_vault.py:389
                             OperationalError: no such                         
                             table: agent_artifacts                            
INFO:     2a06:98c0:3600::103:0 - "POST /mcp/ HTTP/1.1" 200 OK
[08/17/26 17:42:34] INFO     Terminating session: None   streamable_http.py:785
INFO:     2a06:98c0:3600::103:0 - "POST /mcp/ HTTP/1.1" 200 OK
[08/17/26 17:48:05] INFO     Terminating session: None   streamable_http.py:785
[08/17/26 17:48:06] INFO     Processing request of type           server.py:727
                             CallToolRequest                                   
[08/17/26 17:48:37] WARNING  external DB skipped (conf 1): disallowed sql.py:64
                             URI scheme                                        
                    WARNING  external DB skipped (conf 2): disallowed sql.py:64
                             URI scheme                                        
                    WARNING  external DB skipped (conf 3): disallowed sql.py:64
                             URI scheme                                        
                    WARNING  external DB skipped (conf 4): disallowed sql.py:64
                             URI scheme                                        
                    WARNING  local vault skipped (24):       local_vault.py:389
                             OperationalError: no such                         
                             table: agent_artifacts                            
INFO:     2a06:98c0:3600::103:0 - "POST /mcp/ HTTP/1.1" 200 OK
[08/17/26 17:48:39] INFO     Terminating session: None   streamable_http.py:785
INFO:     2a06:98c0:3600::103:0 - "POST /mcp/ HTTP/1.1" 200 OK
[08/17/26 17:48:48] INFO     Terminating session: None   streamable_http.py:785
INFO:     2a06:98c0:3600::103:0 - "POST /mcp/ HTTP/1.1" 200 OK
                    INFO     Terminating session: None   streamable_http.py:785
                    INFO     Processing request of type           server.py:727
                             CallToolRequest                                   
[08/17/26 17:49:00] INFO     Processing request of type           server.py:727
                             CallToolRequest                                   
[08/17/26 17:49:24] WARNING  external DB skipped (conf 1): disallowed sql.py:64
                             URI scheme                                        
                    WARNING  external DB skipped (conf 2): disallowed sql.py:64
                             URI scheme                                        
                    WARNING  external DB skipped (conf 3): disallowed sql.py:64
                             URI scheme                                        
                    WARNING  external DB skipped (conf 4): disallowed sql.py:64
                             URI scheme                                        
                    WARNING  local vault skipped (24):       local_vault.py:389
                             OperationalError: no such                         
                             table: agent_artifacts                            
INFO:     2a06:98c0:3600::103:0 - "POST /mcp/ HTTP/1.1" 200 OK
[08/17/26 17:49:26] INFO     Terminating session: None   streamable_http.py:785
INFO:     2a06:98c0:3600::103:0 - "POST /mcp/ HTTP/1.1" 200 OK
                    INFO     Terminating session: None   streamable_http.py:785
[Mon 08/17/2026 18:34:48.03] starting NGS node 
[*] node token: configured (fp=9c67af03a9da)
[*] bind      : 0.0.0.0:4444
[*] federate  : http://127.0.0.1:4444   <- peers link this URL
[*] HUD       : not mounted (network-exposed, no NGS_HUD_USER/PASSWORD) - intended
[*] peers need NGS_ALLOW_INSECURE_CLOUD=1 for plaintext http to 127.0.0.1
[*] exec      : C:\Users\super\Watchtower\NouGen\NouGenShards-push-main\.venv\Scripts\python.exe -m uvicorn app:app --host 0.0.0.0 --port 4444
[WARN] Interactive API docs not mounted: host is network-exposed (bind=0.0.0.0, managed_platform=False). Set NGS_DOCS_PUBLIC=1 to publish /docs, /redoc and /openapi.json anyway.
C:\Users\super\Watchtower\NouGen\NouGenShards-push-main\app.py:1001: UserWarning: The parameters have been moved from the Blocks constructor to the launch() method in Gradio 6.0: theme. Please pass these parameters to launch() instead.
  with gr.Blocks(title="NouGenShards Cortex HUD", theme=gr.themes.Soft()) as cortex_hud:
[08/17/26 18:42:17] INFO     HTTP Request: HEAD                 _client.py:1025
                             https://huggingface.co/api/telemet                
                             ry/https%3A/api.gradio.app/gradio-                
                             initiated-analytics "HTTP/1.1 200                 
                             OK"                                               
                    INFO     HTTP Request: GET                  _client.py:1025
                             https://api.gradio.app/pkg-version                
                             "HTTP/1.1 200 OK"                                 
[WARN] Cortex HUD not mounted: host is network-exposed (bind=0.0.0.0, managed_platform=False) and NGS_HUD_USER/NGS_HUD_PASSWORD are unset. The /mcp endpoint and REST API remain available; set both env vars to serve the vault UI.
INFO:     Started server process [16740]
INFO:     Waiting for application startup.
[08/17/26 18:42:18] INFO     StreamableHTTP      streamable_http_manager.py:131
                             session manager                                   
                             started                                           
INFO:     Application startup complete.
INFO:     Uvicorn running on http://0.0.0.0:4444 (Press CTRL+C to quit)
[Mon 08/17/2026 19:37:24.01] starting NGS node 
[*] node token: configured (fp=9c67af03a9da)
[*] bind      : 0.0.0.0:4444
[*] federate  : http://10.0.0.87:4444   <- peers link this URL
[*] HUD       : not mounted (network-exposed, no NGS_HUD_USER/PASSWORD) - intended
[*] peers need NGS_ALLOW_INSECURE_CLOUD=1 for plaintext http to 10.0.0.87
[*] exec      : C:\Users\super\Watchtower\NouGen\NouGenShards-push-main\.venv\Scripts\python.exe -m uvicorn app:app --host 0.0.0.0 --port 4444
[WARN] Interactive API docs not mounted: host is network-exposed (bind=0.0.0.0, managed_platform=False). Set NGS_DOCS_PUBLIC=1 to publish /docs, /redoc and /openapi.json anyway.
C:\Users\super\Watchtower\NouGen\NouGenShards-push-main\app.py:1001: UserWarning: The parameters have been moved from the Blocks constructor to the launch() method in Gradio 6.0: theme. Please pass these parameters to launch() instead.
  with gr.Blocks(title="NouGenShards Cortex HUD", theme=gr.themes.Soft()) as cortex_hud:
[08/17/26 19:37:48] INFO     HTTP Request: HEAD                 _client.py:1025
                             https://huggingface.co/api/telemet                
                             ry/https%3A/api.gradio.app/gradio-                
                             initiated-analytics "HTTP/1.1 200                 
                             OK"                                               
[08/17/26 19:37:49][WARN] Cortex HUD not mounted: host is network-exposed (bind=0.0.0.0, managed_platform=False) and NGS_HUD_USER/NGS_HUD_PASSWORD are unset. The /mcp endpoint and REST API remain available; set both env vars to serve the vault UI.
 INFO     HTTP Request: GET                  _client.py:1025
                             https://api.gradio.app/pkg-version                
                             "HTTP/1.1 200 OK"                                 
INFO:     Started server process [2864]
INFO:     Waiting for application startup.
                    INFO     StreamableHTTP      streamable_http_manager.py:131
                             session manager                                   
                             started                                           
INFO:     Application startup complete.
INFO:     Uvicorn running on http://0.0.0.0:4444 (Press CTRL+C to quit)
INFO:     2a06:98c0:3600::103:0 - "POST /mcp/ HTTP/1.1" 200 OK
[08/17/26 19:38:04] INFO     Terminating session: None   streamable_http.py:785
                    INFO     Processing request of type           server.py:727
                             CallToolRequest                                   
[08/17/26 19:38:16] WARNING  external DB skipped (conf 1): disallowed sql.py:64
                             URI scheme                                        
                    WARNING  external DB skipped (conf 2): disallowed sql.py:64
                             URI scheme                                        
                    WARNING  external DB skipped (conf 3): disallowed sql.py:64
                             URI scheme                                        
                    WARNING  external DB skipped (conf 4): disallowed sql.py:64
                             URI scheme                                        
                    WARNING  local vault skipped (24):       local_vault.py:389
                             OperationalError: no such                         
                             table: agent_artifacts                            
INFO:     2a06:98c0:3600::103:0 - "POST /mcp/ HTTP/1.1" 200 OK
[08/17/26 19:38:17] INFO     Terminating session: None   streamable_http.py:785
INFO:     127.0.0.1:3567 - "GET /health HTTP/1.1" 200 OK
INFO:     2a06:98c0:3600::103:0 - "POST /mcp/ HTTP/1.1" 200 OK
[08/17/26 19:38:31] INFO     Terminating session: None   streamable_http.py:785
[08/17/26 19:38:32] INFO     Processing request of type           server.py:727
                             CallToolRequest                                   
INFO:     2a06:98c0:3600::103:0 - "POST /mcp/ HTTP/1.1" 200 OK
[08/17/26 19:38:34] INFO     Terminating session: None   streamable_http.py:785
[08/17/26 19:38:44] WARNING  external DB skipped (conf 1): disallowed sql.py:64
                             URI scheme                                        
                    WARNING  external DB skipped (conf 2): disallowed sql.py:64
                             URI scheme                                        
                    WARNING  external DB skipped (conf 3): disallowed sql.py:64
                             URI scheme                                        
                    WARNING  external DB skipped (conf 4): disallowed sql.py:64
                             URI scheme                                        
                    WARNING  local vault skipped (24):       local_vault.py:389
                             OperationalError: no such                         
                             table: agent_artifacts                            
INFO:     54.145.250.53:0 - "POST /search HTTP/1.1" 200 OK
INFO:     2a06:98c0:3600::103:0 - "POST /mcp/ HTTP/1.1" 200 OK
[08/17/26 19:39:09] INFO     Terminating session: None   streamable_http.py:785
                    INFO     Processing request of type           server.py:727
                             CallToolRequest                                   
INFO:     2a06:98c0:3600::103:0 - "POST /mcp/ HTTP/1.1" 200 OK
                    INFO     Terminating session: None   streamable_http.py:785
INFO:     2a06:98c0:3600::103:0 - "GET /health HTTP/1.1" 200 OK
INFO:     2a06:98c0:3600::103:0 - "POST /mcp/ HTTP/1.1" 200 OK
[08/17/26 19:41:55] INFO     Terminating session: None   streamable_http.py:785
                    INFO     Processing request of type           server.py:727
                             CallToolRequest                                   
[08/17/26 19:42:06] WARNING  external DB skipped (conf 1): disallowed sql.py:64
                             URI scheme                                        
                    WARNING  external DB skipped (conf 2): disallowed sql.py:64
                             URI scheme                                        
                    WARNING  external DB skipped (conf 3): disallowed sql.py:64
                             URI scheme                                        
                    WARNING  external DB skipped (conf 4): disallowed sql.py:64
                             URI scheme                                        
[08/17/26 19:42:07] WARNING  local vault skipped (24):       local_vault.py:389
                             OperationalError: no such                         
                             table: agent_artifacts                            
INFO:     2a06:98c0:3600::103:0 - "POST /mcp/ HTTP/1.1" 200 OK
[08/17/26 19:42:08] INFO     Terminating session: None   streamable_http.py:785
INFO:     2a06:98c0:3600::103:0 - "GET /health HTTP/1.1" 200 OK
INFO:     2a06:98c0:3600::103:0 - "GET /health HTTP/1.1" 200 OK
INFO:     2a06:98c0:3600::103:0 - "POST /mcp/ HTTP/1.1" 200 OK
[08/17/26 19:43:53] INFO     Terminating session: None   streamable_http.py:785
                    INFO     Processing request of type           server.py:727
                             CallToolRequest                                   
INFO:     2a06:98c0:3600::103:0 - "POST /mcp/ HTTP/1.1" 200 OK
[08/17/26 19:43:56] INFO     Terminating session: None   streamable_http.py:785
[08/17/26 19:59:15] WARNING  external DB skipped (conf 1): disallowed sql.py:64
                             URI scheme                                        
                    WARNING  external DB skipped (conf 2): disallowed sql.py:64
                             URI scheme                                        
                    WARNING  external DB skipped (conf 3): disallowed sql.py:64
                             URI scheme                                        
                    WARNING  external DB skipped (conf 4): disallowed sql.py:64
                             URI scheme                                        
                    WARNING  local vault skipped (24):       local_vault.py:389
                             OperationalError: no such                         
                             table: agent_artifacts                            
INFO:     50.17.198.149:0 - "POST /search HTTP/1.1" 200 OK
INFO:     2a06:98c0:3600::103:0 - "POST /mcp/ HTTP/1.1" 200 OK
[08/17/26 20:04:17] INFO     Terminating session: None   streamable_http.py:785
                    INFO     Processing request of type           server.py:727
                             CallToolRequest                                   
INFO:     2a06:98c0:3600::103:0 - "POST /mcp/ HTTP/1.1" 200 OK
[08/17/26 20:04:18] INFO     Terminating session: None   streamable_http.py:785
INFO:     2a06:98c0:3600::103:0 - "POST /mcp/ HTTP/1.1" 200 OK
[08/17/26 20:35:31] INFO     Terminating session: None   streamable_http.py:785
                    INFO     Processing request of type           server.py:727
                             CallToolRequest                                   
[08/17/26 20:35:42] WARNING  external DB skipped (conf 1): disallowed sql.py:64
                             URI scheme                                        
                    WARNING  external DB skipped (conf 2): disallowed sql.py:64
                             URI scheme                                        
                    WARNING  external DB skipped (conf 3): disallowed sql.py:64
                             URI scheme                                        
                    WARNING  external DB skipped (conf 4): disallowed sql.py:64
                             URI scheme                                        
                    WARNING  local vault skipped (24):       local_vault.py:389
                             OperationalError: no such                         
                             table: agent_artifacts                            
INFO:     2a06:98c0:3600::103:0 - "POST /mcp/ HTTP/1.1" 200 OK
[08/17/26 20:35:43] INFO     Terminating session: None   streamable_http.py:785
INFO:     2a06:98c0:3600::103:0 - "GET /health HTTP/1.1" 200 OK
INFO:     2a06:98c0:3600::103:0 - "POST /mcp/ HTTP/1.1" 200 OK
[08/17/26 20:40:02] INFO     Terminating session: None   streamable_http.py:785
                    INFO     Processing request of type           server.py:727
                             CallToolRequest                                   
[08/17/26 20:40:12] WARNING  external DB skipped (conf 1): disallowed sql.py:64
                             URI scheme                                        
                    WARNING  external DB skipped (conf 2): disallowed sql.py:64
                             URI scheme                                        
                    WARNING  external DB skipped (conf 3): disallowed sql.py:64
                             URI scheme                                        
                    WARNING  external DB skipped (conf 4): disallowed sql.py:64
                             URI scheme                                        
                    WARNING  local vault skipped (24):       local_vault.py:389
                             OperationalError: no such                         
                             table: agent_artifacts                            
[08/17/26 20:40:14] WARNING  local vault 22: timed out after local_vault.py:348
                             2.0s, dropped from sweep                          
                    WARNING  local vault 19: timed out after local_vault.py:348
                             2.0s, dropped from sweep                          
[08/17/26 20:40:15] WARNING  local vault 42: timed out after local_vault.py:348
                             2.0s, dropped from sweep                          
INFO:     2a06:98c0:3600::103:0 - "POST /mcp/ HTTP/1.1" 200 OK
                    INFO     Terminating session: None   streamable_http.py:785
INFO:     2601:58b:1700:6960:7885:42a6:5e6e:6441:0 - "GET /health HTTP/1.1" 200 OK
INFO:     2601:58b:1700:6960:419e:f3d6:e33a:aab5:0 - "GET /health HTTP/1.1" 200 OK
INFO:     2a06:98c0:3600::103:0 - "GET /health HTTP/1.1" 200 OK
INFO:     2a06:98c0:3600::103:0 - "POST /mcp/ HTTP/1.1" 200 OK
[08/17/26 20:41:12] INFO     Terminating session: None   streamable_http.py:785
                    INFO     Processing request of type           server.py:727
                             CallToolRequest                                   
[08/17/26 20:41:27] WARNING  external DB skipped (conf 1): disallowed sql.py:64
                             URI scheme                                        
                    WARNING  external DB skipped (conf 2): disallowed sql.py:64
                             URI scheme                                        
                    WARNING  external DB skipped (conf 3): disallowed sql.py:64
                             URI scheme                                        
                    WARNING  external DB skipped (conf 4): disallowed sql.py:64
                             URI scheme                                        
                    WARNING  local vault skipped (24):       local_vault.py:389
                             OperationalError: no such                         
                             table: agent_artifacts                            
INFO:     2a06:98c0:3600::103:0 - "POST /mcp/ HTTP/1.1" 200 OK
[08/17/26 20:41:28] INFO     Terminating session: None   streamable_http.py:785
[08/17/26 20:42:47] WARNING  external DB skipped (conf 1): disallowed sql.py:64
                             URI scheme                                        
                    WARNING  external DB skipped (conf 2): disallowed sql.py:64
                             URI scheme                                        
                    WARNING  external DB skipped (conf 3): disallowed sql.py:64
                             URI scheme                                        
                    WARNING  external DB skipped (conf 4): disallowed sql.py:64
                             URI scheme                                        
                    WARNING  local vault skipped (24):       local_vault.py:389
                             OperationalError: no such                         
                             table: agent_artifacts                            
INFO:     50.17.198.149:0 - "POST /search HTTP/1.1" 200 OK
INFO:     2a06:98c0:3600::103:0 - "POST /mcp/ HTTP/1.1" 200 OK
[08/17/26 20:43:19] INFO     Terminating session: None   streamable_http.py:785
                    INFO     Processing request of type           server.py:727
                             CallToolRequest                                   
[08/17/26 20:43:37] WARNING  external DB skipped (conf 1): disallowed sql.py:64
                             URI scheme                                        
                    WARNING  external DB skipped (conf 2): disallowed sql.py:64
                             URI scheme                                        
                    WARNING  external DB skipped (conf 3): disallowed sql.py:64
                             URI scheme                                        
                    WARNING  external DB skipped (conf 4): disallowed sql.py:64
                             URI scheme                                        
                    WARNING  local vault skipped (24):       local_vault.py:389
                             OperationalError: no such                         
                             table: agent_artifacts                            
INFO:     2a06:98c0:3600::103:0 - "POST /mcp/ HTTP/1.1" 200 OK
[08/17/26 20:43:38] INFO     Terminating session: None   streamable_http.py:785
[08/17/26 20:44:20] WARNING  external DB skipped (conf 1): disallowed sql.py:64
                             URI scheme                                        
                    WARNING  external DB skipped (conf 2): disallowed sql.py:64
                             URI scheme                                        
                    WARNING  external DB skipped (conf 3): disallowed sql.py:64
                             URI scheme                                        
                    WARNING  external DB skipped (conf 4): disallowed sql.py:64
                             URI scheme                                        
[08/17/26 20:44:21] WARNING  local vault skipped (24):       local_vault.py:389
                             OperationalError: no such                         
                             table: agent_artifacts                            
INFO:     50.17.198.149:0 - "POST /search HTTP/1.1" 200 OK
INFO:     2a06:98c0:3600::103:0 - "POST /mcp/ HTTP/1.1" 200 OK
[08/17/26 20:44:56] INFO     Terminating session: None   streamable_http.py:785
                    INFO     Processing request of type           server.py:727
                             CallToolRequest                                   
INFO:     2a06:98c0:3600::103:0 - "POST /mcp/ HTTP/1.1" 200 OK
[08/17/26 20:45:01] INFO     Terminating session: None   streamable_http.py:785
INFO:     2a06:98c0:3600::103:0 - "GET /health HTTP/1.1" 200 OK
[08/17/26 21:20:14] WARNING  external DB skipped (conf 1): disallowed sql.py:64
                             URI scheme                                        
                    WARNING  external DB skipped (conf 2): disallowed sql.py:64
                             URI scheme                                        
                    WARNING  external DB skipped (conf 3): disallowed sql.py:64
                             URI scheme                                        
                    WARNING  external DB skipped (conf 4): disallowed sql.py:64
                             URI scheme                                        
[08/17/26 21:20:15] WARNING  local vault skipped (24):       local_vault.py:389
                             OperationalError: no such                         
                             table: agent_artifacts                            
INFO:     3.228.31.30:0 - "POST /search HTTP/1.1" 200 OK
[08/17/26 21:20:44] WARNING  external DB skipped (conf 1): disallowed sql.py:64
                             URI scheme                                        
                    WARNING  external DB skipped (conf 2): disallowed sql.py:64
                             URI scheme                                        
                    WARNING  external DB skipped (conf 3): disallowed sql.py:64
                             URI scheme                                        
                    WARNING  external DB skipped (conf 4): disallowed sql.py:64
                             URI scheme                                        
                    WARNING  local vault skipped (24):       local_vault.py:389
                             OperationalError: no such                         
                             table: agent_artifacts                            
INFO:     3.228.31.30:0 - "POST /search HTTP/1.1" 200 OK
[08/17/26 21:21:02] WARNING  external DB skipped (conf 1): disallowed sql.py:64
                             URI scheme                                        
                    WARNING  external DB skipped (conf 2): disallowed sql.py:64
                             URI scheme                                        
                    WARNING  external DB skipped (conf 3): disallowed sql.py:64
                             URI scheme                                        
                    WARNING  external DB skipped (conf 4): disallowed sql.py:64
                             URI scheme                                        
                    WARNING  local vault skipped (24):       local_vault.py:389
                             OperationalError: no such                         
                             table: agent_artifacts                            
INFO:     3.228.31.30:0 - "POST /search HTTP/1.1" 200 OK
INFO:     2a06:98c0:3600::103:0 - "POST /mcp/ HTTP/1.1" 200 OK
[08/17/26 21:27:17] INFO     Terminating session: None   streamable_http.py:785
                    INFO     Processing request of type           server.py:727
                             CallToolRequest                                   
INFO:     2a06:98c0:3600::103:0 - "POST /mcp/ HTTP/1.1" 200 OK
[08/17/26 21:27:22] INFO     Terminating session: None   streamable_http.py:785
INFO:     2a06:98c0:3600::103:0 - "POST /mcp/ HTTP/1.1" 200 OK
[08/17/26 21:29:26] INFO     Terminating session: None   streamable_http.py:785
                    INFO     Processing request of type           server.py:727
                             CallToolRequest                                   
[08/17/26 21:29:41] WARNING  external DB skipped (conf 1): disallowed sql.py:64
                             URI scheme                                        
                    WARNING  external DB skipped (conf 2): disallowed sql.py:64
                             URI scheme                                        
                    WARNING  external DB skipped (conf 3): disallowed sql.py:64
                             URI scheme                                        
                    WARNING  external DB skipped (conf 4): disallowed sql.py:64
                             URI scheme                                        
                    WARNING  local vault skipped (24):       local_vault.py:389
                             OperationalError: no such                         
                             table: agent_artifacts                            
INFO:     2a06:98c0:3600::103:0 - "POST /mcp/ HTTP/1.1" 200 OK
[08/17/26 21:29:42] INFO     Terminating session: None   streamable_http.py:785
INFO:     2a06:98c0:3600::103:0 - "POST /mcp/ HTTP/1.1" 200 OK
[08/17/26 21:33:39] INFO     Terminating session: None   streamable_http.py:785
[08/17/26 21:33:40] INFO     Processing request of type           server.py:727
                             CallToolRequest                                   
INFO:     2a06:98c0:3600::103:0 - "POST /mcp/ HTTP/1.1" 200 OK
[08/17/26 21:33:44] INFO     Terminating session: None   streamable_http.py:785
INFO:     2a06:98c0:3600::103:0 - "POST /mcp/ HTTP/1.1" 200 OK
[08/17/26 21:42:20] INFO     Terminating session: None   streamable_http.py:785
                    INFO     Processing request of type           server.py:727
                             CallToolRequest                                   
INFO:     2a06:98c0:3600::103:0 - "POST /mcp/ HTTP/1.1" 200 OK
[08/17/26 21:42:25] INFO     Terminating session: None   streamable_http.py:785
INFO:     2a06:98c0:3600::103:0 - "POST /mcp/ HTTP/1.1" 200 OK
[08/17/26 21:45:46] INFO     Terminating session: None   streamable_http.py:785
                    INFO     Processing request of type           server.py:727
                             CallToolRequest                                   
[08/17/26 21:46:28] WARNING  external DB skipped (conf 1): disallowed sql.py:64
                             URI scheme                                        
                    WARNING  external DB skipped (conf 2): disallowed sql.py:64
                             URI scheme                                        
                    WARNING  external DB skipped (conf 3): disallowed sql.py:64
                             URI scheme                                        
                    WARNING  external DB skipped (conf 4): disallowed sql.py:64
                             URI scheme                                        
                    WARNING  local vault skipped (24):       local_vault.py:389
                             OperationalError: no such                         
                             table: agent_artifacts                            
[08/17/26 21:46:30] WARNING  local vault 8: timed out after  local_vault.py:348
                             2.0s, dropped from sweep                          
                    WARNING  local vault 2: timed out after  local_vault.py:348
                             2.0s, dropped from sweep                          
[08/17/26 21:46:31] WARNING  local vault 21: timed out after local_vault.py:348
                             2.0s, dropped from sweep                          
                    WARNING  local vault 34: timed out after local_vault.py:348
                             2.0s, dropped from sweep                          
INFO:     2a06:98c0:3600::103:0 - "POST /mcp/ HTTP/1.1" 200 OK
                    INFO     Terminating session: None   streamable_http.py:785
INFO:     2a06:98c0:3600::103:0 - "POST /mcp/ HTTP/1.1" 200 OK
[08/17/26 21:46:33] INFO     Terminating session: None   streamable_http.py:785
INFO:     2a06:98c0:3600::103:0 - "POST /mcp/ HTTP/1.1" 200 OK
                    INFO     Terminating session: None   streamable_http.py:785
                    INFO     Processing request of type           server.py:727
                             CallToolRequest                                   
[08/17/26 21:47:06] WARNING  external DB skipped (conf 1): disallowed sql.py:64
                             URI scheme                                        
                    WARNING  external DB skipped (conf 2): disallowed sql.py:64
                             URI scheme                                        
                    WARNING  external DB skipped (conf 3): disallowed sql.py:64
                             URI scheme                                        
                    WARNING  external DB skipped (conf 4): disallowed sql.py:64
                             URI scheme                                        
[08/17/26 21:47:07] WARNING  local vault skipped (24):       local_vault.py:389
                             OperationalError: no such                         
                             table: agent_artifacts                            
[08/17/26 21:47:08] WARNING  local vault 8: timed out after  local_vault.py:348
                             2.0s, dropped from sweep                          
[08/17/26 21:47:09] WARNING  local vault 2: timed out after  local_vault.py:348
                             2.0s, dropped from sweep                          
                    WARNING  local vault 21: timed out after local_vault.py:348
                             2.0s, dropped from sweep                          
                    WARNING  local vault 34: timed out after local_vault.py:348
                             2.0s, dropped from sweep                          
INFO:     2a06:98c0:3600::103:0 - "POST /mcp/ HTTP/1.1" 200 OK
                    INFO     Terminating session: None   streamable_http.py:785
[08/17/26 21:47:10] INFO     Processing request of type           server.py:727
                             CallToolRequest                                   
[08/17/26 21:47:46] WARNING  external DB skipped (conf 1): disallowed sql.py:64
                             URI scheme                                        
                    WARNING  external DB skipped (conf 2): disallowed sql.py:64
                             URI scheme                                        
                    WARNING  external DB skipped (conf 3): disallowed sql.py:64
                             URI scheme                                        
                    WARNING  external DB skipped (conf 4): disallowed sql.py:64
                             URI scheme                                        
[08/17/26 21:47:47] WARNING  local vault skipped (24):       local_vault.py:389
                             OperationalError: no such                         
                             table: agent_artifacts                            
[08/17/26 21:47:48] WARNING  local vault 8: timed out after  local_vault.py:348
                             2.0s, dropped from sweep                          
                    WARNING  local vault 2: timed out after  local_vault.py:348
                             2.0s, dropped from sweep                          
[08/17/26 21:47:49] WARNING  local vault 21: timed out after local_vault.py:348
                             2.0s, dropped from sweep                          
                    WARNING  local vault 34: timed out after local_vault.py:348
                             2.0s, dropped from sweep                          
INFO:     2a06:98c0:3600::103:0 - "POST /mcp/ HTTP/1.1" 200 OK
                    INFO     Terminating session: None   streamable_http.py:785
INFO:     2a06:98c0:3600::103:0 - "POST /mcp/ HTTP/1.1" 200 OK
                    INFO     Terminating session: None   streamable_http.py:785
[08/17/26 21:47:50] INFO     Processing request of type           server.py:727
                             CallToolRequest                                   
[08/17/26 21:47:58] WARNING  external DB skipped (conf 1): disallowed sql.py:64
                             URI scheme                                        
                    WARNING  external DB skipped (conf 2): disallowed sql.py:64
                             URI scheme                                        
                    WARNING  external DB skipped (conf 3): disallowed sql.py:64
                             URI scheme                                        
                    WARNING  external DB skipped (conf 4): disallowed sql.py:64
                             URI scheme                                        
[08/17/26 21:47:59] WARNING  local vault skipped (24):       local_vault.py:389
                             OperationalError: no such                         
                             table: agent_artifacts                            
INFO:     2a06:98c0:3600::103:0 - "POST /mcp/ HTTP/1.1" 200 OK
[08/17/26 21:48:00] INFO     Terminating session: None   streamable_http.py:785
INFO:     2a06:98c0:3600::103:0 - "POST /mcp/ HTTP/1.1" 200 OK
                    INFO     Terminating session: None   streamable_http.py:785
INFO:     2a06:98c0:3600::103:0 - "POST /mcp/ HTTP/1.1" 200 OK
                    INFO     Terminating session: None   streamable_http.py:785
                    INFO     Processing request of type           server.py:727
                             CallToolRequest                                   
[08/17/26 21:48:05] WARNING  external DB skipped (conf 1): disallowed sql.py:64
                             URI scheme                                        
                    WARNING  external DB skipped (conf 2): disallowed sql.py:64
                             URI scheme                                        
                    WARNING  external DB skipped (conf 3): disallowed sql.py:64
                             URI scheme                                        
                    WARNING  external DB skipped (conf 4): disallowed sql.py:64
                             URI scheme                                        
                    WARNING  local vault skipped (24):       local_vault.py:389
                             OperationalError: no such                         
                             table: agent_artifacts                            
INFO:     2a06:98c0:3600::103:0 - "POST /mcp/ HTTP/1.1" 200 OK
[08/17/26 21:48:07] INFO     Terminating session: None   streamable_http.py:785
                    INFO     Processing request of type           server.py:727
                             CallToolRequest                                   
[08/17/26 21:49:20] WARNING  external DB skipped (conf 1): disallowed sql.py:64
                             URI scheme                                        
                    WARNING  external DB skipped (conf 2): disallowed sql.py:64
                             URI scheme                                        
                    WARNING  external DB skipped (conf 3): disallowed sql.py:64
                             URI scheme                                        
                    WARNING  external DB skipped (conf 4): disallowed sql.py:64
                             URI scheme                                        
[08/17/26 21:49:21] WARNING  local vault skipped (24):       local_vault.py:389
                             OperationalError: no such                         
                             table: agent_artifacts                            
[08/17/26 21:49:22] WARNING  local vault 7: timed out after  local_vault.py:348
                             2.0s, dropped from sweep                          
                    WARNING  local vault 15: timed out after local_vault.py:348
                             2.0s, dropped from sweep                          
                    WARNING  local vault 8: timed out after  local_vault.py:348
                             2.0s, dropped from sweep                          
                    WARNING  local vault 2: timed out after  local_vault.py:348
                             2.0s, dropped from sweep                          
[08/17/26 21:49:23] WARNING  local vault 21: timed out after local_vault.py:348
                             2.0s, dropped from sweep                          
[08/17/26 21:49:24] WARNING  local vault 34: timed out after local_vault.py:348
                             2.0s, dropped from sweep                          
INFO:     2a06:98c0:3600::103:0 - "POST /mcp/ HTTP/1.1" 200 OK
                    INFO     Terminating session: None   streamable_http.py:785
INFO:     2a06:98c0:3600::103:0 - "POST /mcp/ HTTP/1.1" 200 OK
                    INFO     Terminating session: None   streamable_http.py:785
                    INFO     Processing request of type           server.py:727
                             CallToolRequest                                   
[08/17/26 21:49:29] WARNING  external DB skipped (conf 1): disallowed sql.py:64
                             URI scheme                                        
                    WARNING  external DB skipped (conf 2): disallowed sql.py:64
                             URI scheme                                        
                    WARNING  external DB skipped (conf 3): disallowed sql.py:64
                             URI scheme                                        
                    WARNING  external DB skipped (conf 4): disallowed sql.py:64
                             URI scheme                                        
                    WARNING  local vault skipped (24):       local_vault.py:389
                             OperationalError: no such                         
                             table: agent_artifacts                            
INFO:     2a06:98c0:3600::103:0 - "POST /mcp/ HTTP/1.1" 200 OK
[08/17/26 21:49:30] INFO     Terminating session: None   streamable_http.py:785
INFO:     2a06:98c0:3600::103:0 - "POST /mcp/ HTTP/1.1" 200 OK
                    INFO     Terminating session: None   streamable_http.py:785
INFO:     2a06:98c0:3600::103:0 - "POST /mcp/ HTTP/1.1" 200 OK
                    INFO     Terminating session: None   streamable_http.py:785
INFO:     2a06:98c0:3600::103:0 - "POST /mcp/ HTTP/1.1" 200 OK
                    INFO     Terminating session: None   streamable_http.py:785
                    INFO     Processing request of type           server.py:727
                             CallToolRequest                                   
[08/17/26 21:50:33] WARNING  external DB skipped (conf 1): disallowed sql.py:64
                             URI scheme                                        
                    WARNING  external DB skipped (conf 2): disallowed sql.py:64
                             URI scheme                                        
                    WARNING  external DB skipped (conf 3): disallowed sql.py:64
                             URI scheme                                        
                    WARNING  external DB skipped (conf 4): disallowed sql.py:64
                             URI scheme                                        
[08/17/26 21:50:34] WARNING  local vault skipped (24):       local_vault.py:389
                             OperationalError: no such                         
                             table: agent_artifacts                            
[08/17/26 21:50:35] WARNING  local vault 7: timed out after  local_vault.py:348
                             2.0s, dropped from sweep                          
                    WARNING  local vault 8: timed out after  local_vault.py:348
                             2.0s, dropped from sweep                          
                    WARNING  local vault 15: timed out after local_vault.py:348
                             2.0s, dropped from sweep                          
                    WARNING  local vault 2: timed out after  local_vault.py:348
                             2.0s, dropped from sweep                          
[08/17/26 21:50:36] WARNING  local vault 21: timed out after local_vault.py:348
                             2.0s, dropped from sweep                          
                    WARNING  local vault 34: timed out after local_vault.py:348
                             2.0s, dropped from sweep                          
                    INFO     Processing request of type           server.py:727
                             CallToolRequest                                   
INFO:     2a06:98c0:3600::103:0 - "POST /mcp/ HTTP/1.1" 200 OK
[08/17/26 21:50:45] INFO     Terminating session: None   streamable_http.py:785
                    INFO     Processing request of type           server.py:727
                             CallToolRequest                                   
[08/17/26 21:51:49] WARNING  external DB skipped (conf 1): disallowed sql.py:64
                             URI scheme                                        
                    WARNING  external DB skipped (conf 2): disallowed sql.py:64
                             URI scheme                                        
                    WARNING  external DB skipped (conf 3): disallowed sql.py:64
                             URI scheme                                        
                    WARNING  external DB skipped (conf 4): disallowed sql.py:64
                             URI scheme                                        
[08/17/26 21:51:50] WARNING  local vault skipped (24):       local_vault.py:389
                             OperationalError: no such                         
                             table: agent_artifacts                            
[08/17/26 21:51:51] WARNING  local vault 8: timed out after  local_vault.py:348
                             2.0s, dropped from sweep                          
                    WARNING  local vault 7: timed out after  local_vault.py:348
                             2.0s, dropped from sweep                          
                    WARNING  local vault 15: timed out after local_vault.py:348
                             2.0s, dropped from sweep                          
                    WARNING  local vault 2: timed out after  local_vault.py:348
                             2.0s, dropped from sweep                          
[08/17/26 21:51:52] WARNING  local vault 21: timed out after local_vault.py:348
                             2.0s, dropped from sweep                          
                    WARNING  local vault 34: timed out after local_vault.py:348
                             2.0s, dropped from sweep                          
INFO:     2a06:98c0:3600::103:0 - "POST /mcp/ HTTP/1.1" 200 OK
                    INFO     Terminating session: None   streamable_http.py:785
                    INFO     Terminating session: None   streamable_http.py:785
INFO:     2a06:98c0:3600::103:0 - "POST /mcp/ HTTP/1.1" 200 OK
[08/17/26 21:54:56] INFO     Terminating session: None   streamable_http.py:785
INFO:     2a06:98c0:3600::103:0 - "POST /mcp/ HTTP/1.1" 200 OK
                    INFO     Terminating session: None   streamable_http.py:785
INFO:     2a06:98c0:3600::103:0 - "POST /mcp/ HTTP/1.1" 200 OK
                    INFO     Terminating session: None   streamable_http.py:785
                    INFO     Processing request of type           server.py:727
                             CallToolRequest                                   
[08/17/26 21:55:41] WARNING  external DB skipped (conf 1): disallowed sql.py:64
                             URI scheme                                        
                    WARNING  external DB skipped (conf 2): disallowed sql.py:64
                             URI scheme                                        
                    WARNING  external DB skipped (conf 3): disallowed sql.py:64
                             URI scheme                                        
                    WARNING  external DB skipped (conf 4): disallowed sql.py:64
                             URI scheme                                        
[08/17/26 21:55:42] WARNING  local vault skipped (24):       local_vault.py:389
                             OperationalError: no such                         
                             table: agent_artifacts                            
[08/17/26 21:55:43] WARNING  local vault 15: timed out after local_vault.py:348
                             2.0s, dropped from sweep                          
                    WARNING  local vault 8: timed out after  local_vault.py:348
                             2.0s, dropped from sweep                          
                    WARNING  local vault 2: timed out after  local_vault.py:348
                             2.0s, dropped from sweep                          
[08/17/26 21:55:44] WARNING  local vault 21: timed out after local_vault.py:348
                             2.0s, dropped from sweep                          
                    WARNING  local vault 34: timed out after local_vault.py:348
                             2.0s, dropped from sweep                          
INFO:     2a06:98c0:3600::103:0 - "POST /mcp/ HTTP/1.1" 200 OK
                    INFO     Terminating session: None   streamable_http.py:785
                    INFO     Processing request of type           server.py:727
                             CallToolRequest                                   
[08/17/26 21:55:48] INFO     Processing request of type           server.py:727
                             CallToolRequest                                   
[08/17/26 21:56:24] WARNING  external DB skipped (conf 1): disallowed sql.py:64
                             URI scheme                                        
                    WARNING  external DB skipped (conf 2): disallowed sql.py:64
                             URI scheme                                        
                    WARNING  external DB skipped (conf 3): disallowed sql.py:64
                             URI scheme                                        
                    WARNING  external DB skipped (conf 4): disallowed sql.py:64
                             URI scheme                                        
[08/17/26 21:56:25] WARNING  local vault skipped (24):       local_vault.py:389
                             OperationalError: no such                         
                             table: agent_artifacts                            
[08/17/26 21:56:26] WARNING  local vault 2: timed out after  local_vault.py:348
                             2.0s, dropped from sweep                          
                    WARNING  local vault 8: timed out after  local_vault.py:348
                             2.0s, dropped from sweep                          
                    WARNING  local vault 15: timed out after local_vault.py:348
                             2.0s, dropped from sweep                          
[08/17/26 21:56:27] WARNING  local vault 21: timed out after local_vault.py:348
                             2.0s, dropped from sweep                          
                    WARNING  local vault 34: timed out after local_vault.py:348
                             2.0s, dropped from sweep                          
INFO:     2a06:98c0:3600::103:0 - "POST /mcp/ HTTP/1.1" 200 OK
                    INFO     Terminating session: None   streamable_http.py:785
INFO:     2a06:98c0:3600::103:0 - "POST /mcp/ HTTP/1.1" 200 OK
                    INFO     Terminating session: None   streamable_http.py:785
INFO:     2a06:98c0:3600::103:0 - "POST /mcp/ HTTP/1.1" 200 OK
[08/17/26 21:58:00] INFO     Terminating session: None   streamable_http.py:785
INFO:     2a06:98c0:3600::103:0 - "POST /mcp/ HTTP/1.1" 200 OK
                    INFO     Terminating session: None   streamable_http.py:785
                    INFO     Processing request of type           server.py:727
                             CallToolRequest                                   
[08/17/26 21:59:08] WARNING  external DB skipped (conf 1): disallowed sql.py:64
                             URI scheme                                        
                    WARNING  external DB skipped (conf 2): disallowed sql.py:64
                             URI scheme                                        
                    WARNING  external DB skipped (conf 3): disallowed sql.py:64
                             URI scheme                                        
                    WARNING  external DB skipped (conf 4): disallowed sql.py:64
                             URI scheme                                        
[08/17/26 21:59:09] WARNING  local vault skipped (24):       local_vault.py:389
                             OperationalError: no such                         
                             table: agent_artifacts                            
[08/17/26 21:59:10] WARNING  local vault 7: timed out after  local_vault.py:348
                             2.0s, dropped from sweep                          
                    WARNING  local vault 8: timed out after  local_vault.py:348
                             2.0s, dropped from sweep                          
                    WARNING  local vault 15: timed out after local_vault.py:348
                             2.0s, dropped from sweep                          
                    WARNING  local vault 2: timed out after  local_vault.py:348
                             2.0s, dropped from sweep                          
[08/17/26 21:59:11] WARNING  local vault 21: timed out after local_vault.py:348
                             2.0s, dropped from sweep                          
                    WARNING  local vault 34: timed out after local_vault.py:348
                             2.0s, dropped from sweep                          
INFO:     2a06:98c0:3600::103:0 - "POST /mcp/ HTTP/1.1" 200 OK
                    INFO     Terminating session: None   streamable_http.py:785
                    INFO     Processing request of type           server.py:727
                             CallToolRequest                                   
[08/17/26 22:00:08] WARNING  external DB skipped (conf 1): disallowed sql.py:64
                             URI scheme                                        
                    WARNING  external DB skipped (conf 2): disallowed sql.py:64
                             URI scheme                                        
                    WARNING  external DB skipped (conf 3): disallowed sql.py:64
                             URI scheme                                        
                    WARNING  external DB skipped (conf 4): disallowed sql.py:64
                             URI scheme                                        
[08/17/26 22:00:09] WARNING  local vault skipped (24):       local_vault.py:389
                             OperationalError: no such                         
                             table: agent_artifacts                            
[08/17/26 22:00:10] WARNING  local vault 7: timed out after  local_vault.py:348
                             2.0s, dropped from sweep                          
                    WARNING  local vault 8: timed out after  local_vault.py:348
                             2.0s, dropped from sweep                          
                    WARNING  local vault 15: timed out after local_vault.py:348
                             2.0s, dropped from sweep                          
                    WARNING  local vault 2: timed out after  local_vault.py:348
                             2.0s, dropped from sweep                          
[08/17/26 22:00:11] WARNING  local vault 17: timed out after local_vault.py:348
                             2.0s, dropped from sweep                          
                    WARNING  local vault 21: timed out after local_vault.py:348
                             2.0s, dropped from sweep                          
[08/17/26 22:00:12] WARNING  local vault 34: timed out after local_vault.py:348
                             2.0s, dropped from sweep                          
                    INFO     Terminating session: None   streamable_http.py:785
INFO:     2a06:98c0:3600::103:0 - "POST /mcp/ HTTP/1.1" 200 OK
                    INFO     Terminating session: None   streamable_http.py:785
                    INFO     Processing request of type           server.py:727
                             CallToolRequest                                   
[08/17/26 22:00:47] WARNING  external DB skipped (conf 1): disallowed sql.py:64
                             URI scheme                                        
                    WARNING  external DB skipped (conf 2): disallowed sql.py:64
                             URI scheme                                        
                    WARNING  external DB skipped (conf 3): disallowed sql.py:64
                             URI scheme                                        
                    WARNING  external DB skipped (conf 4): disallowed sql.py:64
                             URI scheme                                        
[08/17/26 22:00:48] WARNING  local vault skipped (24):       local_vault.py:389
                             OperationalError: no such                         
                             table: agent_artifacts                            
[08/17/26 22:00:49] WARNING  local vault 8: timed out after  local_vault.py:348
                             2.0s, dropped from sweep                          
[08/17/26 22:00:50] WARNING  local vault 34: timed out after local_vault.py:348
                             2.0s, dropped from sweep                          
INFO:     2a06:98c0:3600::103:0 - "POST /mcp/ HTTP/1.1" 200 OK
                    INFO     Terminating session: None   streamable_http.py:785
INFO:     2a06:98c0:3600::103:0 - "POST /mcp/ HTTP/1.1" 200 OK
[08/17/26 22:10:55] INFO     Terminating session: None   streamable_http.py:785
                    INFO     Processing request of type           server.py:727
                             CallToolRequest                                   
INFO:     2a06:98c0:3600::103:0 - "POST /mcp/ HTTP/1.1" 200 OK
[08/17/26 22:11:00] INFO     Terminating session: None   streamable_http.py:785
INFO:     2a06:98c0:3600::103:0 - "POST /mcp/ HTTP/1.1" 200 OK
[08/17/26 22:16:38] INFO     Terminating session: None   streamable_http.py:785
INFO:     2a06:98c0:3600::103:0 - "POST /mcp/ HTTP/1.1" 200 OK
                    INFO     Terminating session: None   streamable_http.py:785
                    INFO     Processing request of type           server.py:727
                             CallToolRequest                                   
[08/17/26 22:17:44] WARNING  external DB skipped (conf 1): disallowed sql.py:64
                             URI scheme                                        
                    WARNING  external DB skipped (conf 2): disallowed sql.py:64
                             URI scheme                                        
                    WARNING  external DB skipped (conf 3): disallowed sql.py:64
                             URI scheme                                        
                    WARNING  external DB skipped (conf 4): disallowed sql.py:64
                             URI scheme                                        
[08/17/26 22:17:45] WARNING  local vault skipped (24):       local_vault.py:389
                             OperationalError: no such                         
                             table: agent_artifacts                            
[08/17/26 22:17:46] WARNING  local vault 7: timed out after  local_vault.py:348
                             2.0s, dropped from sweep                          
                    WARNING  local vault 8: timed out after  local_vault.py:348
                             2.0s, dropped from sweep                          
                    WARNING  local vault 15: timed out after local_vault.py:348
                             2.0s, dropped from sweep                          
                    WARNING  local vault 2: timed out after  local_vault.py:348
                             2.0s, dropped from sweep                          
[08/17/26 22:17:47] WARNING  local vault 21: timed out after local_vault.py:348
                             2.0s, dropped from sweep                          
                    WARNING  local vault 34: timed out after local_vault.py:348
                             2.0s, dropped from sweep                          
                    INFO     Processing request of type           server.py:727
                             CallToolRequest                                   
[08/17/26 22:18:36] WARNING  external DB skipped (conf 1): disallowed sql.py:64
                             URI scheme                                        
                    WARNING  external DB skipped (conf 2): disallowed sql.py:64
                             URI scheme                                        
                    WARNING  external DB skipped (conf 3): disallowed sql.py:64
                             URI scheme                                        
                    WARNING  external DB skipped (conf 4): disallowed sql.py:64
                             URI scheme                                        
[08/17/26 22:18:37] WARNING  local vault skipped (24):       local_vault.py:389
                             OperationalError: no such                         
                             table: agent_artifacts                            
[08/17/26 22:18:38] WARNING  local vault 7: timed out after  local_vault.py:348
                             2.0s, dropped from sweep                          
                    WARNING  local vault 8: timed out after  local_vault.py:348
                             2.0s, dropped from sweep                          
                    WARNING  local vault 15: timed out after local_vault.py:348
                             2.0s, dropped from sweep                          
                    WARNING  local vault 2: timed out after  local_vault.py:348
                             2.0s, dropped from sweep                          
[08/17/26 22:18:39] WARNING  local vault 21: timed out after local_vault.py:348
                             2.0s, dropped from sweep                          
                    WARNING  local vault 34: timed out after local_vault.py:348
                             2.0s, dropped from sweep                          
INFO:     2a06:98c0:3600::103:0 - "POST /mcp/ HTTP/1.1" 200 OK
                    INFO     Terminating session: None   streamable_http.py:785
INFO:     2a06:98c0:3600::103:0 - "POST /mcp/ HTTP/1.1" 200 OK
                    INFO     Terminating session: None   streamable_http.py:785
INFO:     127.0.0.1:14151 - "POST /capture HTTP/1.1" 200 OK
[08/17/26 22:32:20] WARNING  external DB skipped (conf 1): disallowed sql.py:64
                             URI scheme                                        
                    WARNING  external DB skipped (conf 2): disallowed sql.py:64
                             URI scheme                                        
                    WARNING  external DB skipped (conf 3): disallowed sql.py:64
                             URI scheme                                        
                    WARNING  external DB skipped (conf 4): disallowed sql.py:64
                             URI scheme                                        
                    WARNING  local vault skipped (24):       local_vault.py:389
                             OperationalError: no such                         
                             table: agent_artifacts                            
INFO:     54.145.250.53:0 - "POST /search HTTP/1.1" 200 OK
[08/17/26 22:32:33] WARNING  external DB skipped (conf 1): disallowed sql.py:64
                             URI scheme                                        
                    WARNING  external DB skipped (conf 2): disallowed sql.py:64
                             URI scheme                                        
                    WARNING  external DB skipped (conf 3): disallowed sql.py:64
                             URI scheme                                        
                    WARNING  external DB skipped (conf 4): disallowed sql.py:64
                             URI scheme                                        
[08/17/26 22:32:34] WARNING  local vault skipped (24):       local_vault.py:389
                             OperationalError: no such                         
                             table: agent_artifacts                            
INFO:     2601:58b:1700:6960:b98f:ad51:33e2:37be:0 - "POST /search HTTP/1.1" 200 OK
INFO:     2a06:98c0:3600::103:0 - "POST /mcp/ HTTP/1.1" 200 OK
[08/17/26 22:39:16] INFO     Terminating session: None   streamable_http.py:785
INFO:     2a06:98c0:3600::103:0 - "POST /mcp/ HTTP/1.1" 200 OK
                    INFO     Terminating session: None   streamable_http.py:785
                    INFO     Processing request of type           server.py:727
                             CallToolRequest                                   
[08/17/26 22:40:16] WARNING  external DB skipped (conf 1): disallowed sql.py:64
                             URI scheme                                        
                    WARNING  external DB skipped (conf 2): disallowed sql.py:64
                             URI scheme                                        
                    WARNING  external DB skipped (conf 3): disallowed sql.py:64
                             URI scheme                                        
                    WARNING  external DB skipped (conf 4): disallowed sql.py:64
                             URI scheme                                        
[08/17/26 22:40:17] WARNING  local vault skipped (24):       local_vault.py:389
                             OperationalError: no such                         
                             table: agent_artifacts                            
[08/17/26 22:40:18] WARNING  local vault 2: timed out after  local_vault.py:348
                             2.0s, dropped from sweep                          
                    WARNING  local vault 8: timed out after  local_vault.py:348
                             2.0s, dropped from sweep                          
                    WARNING  local vault 15: timed out after local_vault.py:348
                             2.0s, dropped from sweep                          
[08/17/26 22:40:19] WARNING  local vault 21: timed out after local_vault.py:348
                             2.0s, dropped from sweep                          
                    WARNING  local vault 34: timed out after local_vault.py:348
                             2.0s, dropped from sweep                          
INFO:     2a06:98c0:3600::103:0 - "POST /mcp/ HTTP/1.1" 200 OK
                    INFO     Terminating session: None   streamable_http.py:785
                    INFO     Processing request of type           server.py:727
                             CallToolRequest                                   
[08/17/26 22:41:05] WARNING  external DB skipped (conf 1): disallowed sql.py:64
                             URI scheme                                        
                    WARNING  external DB skipped (conf 2): disallowed sql.py:64
                             URI scheme                                        
                    WARNING  external DB skipped (conf 3): disallowed sql.py:64
                             URI scheme                                        
                    WARNING  external DB skipped (conf 4): disallowed sql.py:64
                             URI scheme                                        
[08/17/26 22:41:06] WARNING  local vault skipped (24):       local_vault.py:389
                             OperationalError: no such                         
                             table: agent_artifacts                            
[08/17/26 22:41:07] WARNING  local vault 8: timed out after  local_vault.py:348
                             2.0s, dropped from sweep                          
                    WARNING  local vault 2: timed out after  local_vault.py:348
                             2.0s, dropped from sweep                          
                    WARNING  local vault 15: timed out after local_vault.py:348
                             2.0s, dropped from sweep                          
[08/17/26 22:41:08] WARNING  local vault 21: timed out after local_vault.py:348
                             2.0s, dropped from sweep                          
[08/17/26 22:41:09] WARNING  local vault 34: timed out after local_vault.py:348
                             2.0s, dropped from sweep                          
INFO:     2a06:98c0:3600::103:0 - "POST /mcp/ HTTP/1.1" 200 OK
                    INFO     Terminating session: None   streamable_http.py:785
INFO:     2a06:98c0:3600::103:0 - "POST /mcp/ HTTP/1.1" 200 OK
                    INFO     Terminating session: None   streamable_http.py:785
INFO:     2a06:98c0:3600::103:0 - "POST /mcp/ HTTP/1.1" 200 OK
                    INFO     Terminating session: None   streamable_http.py:785
                    INFO     Processing request of type           server.py:727
                             CallToolRequest                                   
[08/17/26 22:41:17] WARNING  external DB skipped (conf 1): disallowed sql.py:64
                             URI scheme                                        
                    WARNING  external DB skipped (conf 2): disallowed sql.py:64
                             URI scheme                                        
                    WARNING  external DB skipped (conf 3): disallowed sql.py:64
                             URI scheme                                        
                    WARNING  external DB skipped (conf 4): disallowed sql.py:64
                             URI scheme                                        
                    WARNING  local vault skipped (24):       local_vault.py:389
                             OperationalError: no such                         
                             table: agent_artifacts                            
[08/17/26 22:41:18] INFO     Processing request of type           server.py:727
                             CallToolRequest                                   
INFO:     2a06:98c0:3600::103:0 - "POST /mcp/ HTTP/1.1" 200 OK
[08/17/26 22:41:19] INFO     Terminating session: None   streamable_http.py:785
INFO:     2a06:98c0:3600::103:0 - "POST /mcp/ HTTP/1.1" 200 OK
                    INFO     Terminating session: None   streamable_http.py:785
INFO:     2a06:98c0:3600::103:0 - "POST /mcp/ HTTP/1.1" 200 OK
                    INFO     Terminating session: None   streamable_http.py:785
                    INFO     Processing request of type           server.py:727
                             CallToolRequest                                   
[08/17/26 22:41:33] WARNING  external DB skipped (conf 1): disallowed sql.py:64
                             URI scheme                                        
                    WARNING  external DB skipped (conf 2): disallowed sql.py:64
                             URI scheme                                        
                    WARNING  external DB skipped (conf 3): disallowed sql.py:64
                             URI scheme                                        
                    WARNING  external DB skipped (conf 4): disallowed sql.py:64
                             URI scheme                                        
                    WARNING  local vault skipped (24):       local_vault.py:389
                             OperationalError: no such                         
                             table: agent_artifacts                            
INFO:     2a06:98c0:3600::103:0 - "POST /mcp/ HTTP/1.1" 200 OK
[08/17/26 22:41:35] INFO     Terminating session: None   streamable_http.py:785
INFO:     2a06:98c0:3600::103:0 - "POST /mcp/ HTTP/1.1" 200 OK
                    INFO     Terminating session: None   streamable_http.py:785
                    INFO     Processing request of type           server.py:727
                             CallToolRequest                                   
[08/17/26 22:42:39] WARNING  external DB skipped (conf 1): disallowed sql.py:64
                             URI scheme                                        
                    WARNING  external DB skipped (conf 2): disallowed sql.py:64
                             URI scheme                                        
                    WARNING  external DB skipped (conf 3): disallowed sql.py:64
                             URI scheme                                        
                    WARNING  external DB skipped (conf 4): disallowed sql.py:64
                             URI scheme                                        
[08/17/26 22:42:40] WARNING  local vault skipped (24):       local_vault.py:389
                             OperationalError: no such                         
                             table: agent_artifacts                            
[08/17/26 22:42:41] WARNING  local vault 8: timed out after  local_vault.py:348
                             2.0s, dropped from sweep                          
                    WARNING  local vault 7: timed out after  local_vault.py:348
                             2.0s, dropped from sweep                          
                    WARNING  local vault 15: timed out after local_vault.py:348
                             2.0s, dropped from sweep                          
                    WARNING  local vault 14: timed out after local_vault.py:348
                             2.0s, dropped from sweep                          
                    WARNING  local vault 2: timed out after  local_vault.py:348
                             2.0s, dropped from sweep                          
                    WARNING  local vault 17: timed out after local_vault.py:348
                             2.0s, dropped from sweep                          
[08/17/26 22:42:42] WARNING  local vault 21: timed out after local_vault.py:348
                             2.0s, dropped from sweep                          
                    WARNING  local vault 34: timed out after local_vault.py:348
                             2.0s, dropped from sweep                          
INFO:     2a06:98c0:3600::103:0 - "POST /mcp/ HTTP/1.1" 200 OK
                    INFO     Terminating session: None   streamable_http.py:785
INFO:     2a06:98c0:3600::103:0 - "POST /mcp/ HTTP/1.1" 200 OK
                    INFO     Terminating session: None   streamable_http.py:785
[08/17/26 22:42:43] INFO     Processing request of type           server.py:727
                             CallToolRequest                                   
INFO:     2a06:98c0:3600::103:0 - "POST /mcp/ HTTP/1.1" 200 OK
[08/17/26 22:42:47] INFO     Terminating session: None   streamable_http.py:785
INFO:     2a06:98c0:3600::103:0 - "POST /mcp/ HTTP/1.1" 200 OK
                    INFO     Terminating session: None   streamable_http.py:785
                    INFO     Processing request of type           server.py:727
                             CallToolRequest                                   
[08/17/26 22:43:00] WARNING  external DB skipped (conf 1): disallowed sql.py:64
                             URI scheme                                        
                    WARNING  external DB skipped (conf 2): disallowed sql.py:64
                             URI scheme                                        
                    WARNING  external DB skipped (conf 3): disallowed sql.py:64
                             URI scheme                                        
                    WARNING  external DB skipped (conf 4): disallowed sql.py:64
                             URI scheme                                        
                    WARNING  local vault skipped (24):       local_vault.py:389
                             OperationalError: no such                         
                             table: agent_artifacts                            
INFO:     2a06:98c0:3600::103:0 - "POST /mcp/ HTTP/1.1" 200 OK
[08/17/26 22:43:01] INFO     Terminating session: None   streamable_http.py:785
INFO:     2a06:98c0:3600::103:0 - "POST /mcp/ HTTP/1.1" 200 OK
[08/17/26 22:43:04] INFO     Terminating session: None   streamable_http.py:785
                    INFO     Processing request of type           server.py:727
                             CallToolRequest                                   
[08/17/26 22:43:12] WARNING  external DB skipped (conf 1): disallowed sql.py:64
                             URI scheme                                        
                    WARNING  external DB skipped (conf 2): disallowed sql.py:64
                             URI scheme                                        
                    WARNING  external DB skipped (conf 3): disallowed sql.py:64
                             URI scheme                                        
                    WARNING  external DB skipped (conf 4): disallowed sql.py:64
                             URI scheme                                        
[08/17/26 22:43:13] WARNING  local vault skipped (24):       local_vault.py:389
                             OperationalError: no such                         
                             table: agent_artifacts                            
[08/17/26 22:43:14] WARNING  local vault 8: timed out after  local_vault.py:348
                             2.0s, dropped from sweep                          
INFO:     2a06:98c0:3600::103:0 - "POST /mcp/ HTTP/1.1" 200 OK
[08/17/26 22:43:16] INFO     Terminating session: None   streamable_http.py:785
INFO:     2a06:98c0:3600::103:0 - "POST /mcp/ HTTP/1.1" 200 OK
[08/17/26 22:43:44] INFO     Terminating session: None   streamable_http.py:785
                    INFO     Processing request of type           server.py:727
                             CallToolRequest                                   
[08/17/26 22:43:53] WARNING  external DB skipped (conf 1): disallowed sql.py:64
                             URI scheme                                        
                    WARNING  external DB skipped (conf 2): disallowed sql.py:64
                             URI scheme                                        
                    WARNING  external DB skipped (conf 3): disallowed sql.py:64
                             URI scheme                                        
                    WARNING  external DB skipped (conf 4): disallowed sql.py:64
                             URI scheme                                        
                    WARNING  local vault skipped (24):       local_vault.py:389
                             OperationalError: no such                         
                             table: agent_artifacts                            
INFO:     2a06:98c0:3600::103:0 - "POST /mcp/ HTTP/1.1" 200 OK
[08/17/26 22:43:54] INFO     Terminating session: None   streamable_http.py:785
INFO:     2a06:98c0:3600::103:0 - "POST /mcp/ HTTP/1.1" 200 OK
[08/17/26 22:48:09] INFO     Terminating session: None   streamable_http.py:785
                    INFO     Processing request of type           server.py:727
                             CallToolRequest                                   
[08/17/26 22:48:36] WARNING  external DB skipped (conf 1): disallowed sql.py:64
                             URI scheme                                        
                    WARNING  external DB skipped (conf 2): disallowed sql.py:64
                             URI scheme                                        
                    WARNING  external DB skipped (conf 3): disallowed sql.py:64
                             URI scheme                                        
                    WARNING  external DB skipped (conf 4): disallowed sql.py:64
                             URI scheme                                        
                    WARNING  local vault skipped (24):       local_vault.py:389
                             OperationalError: no such                         
                             table: agent_artifacts                            
INFO:     2a06:98c0:3600::103:0 - "POST /mcp/ HTTP/1.1" 200 OK
[08/17/26 22:48:37] INFO     Terminating session: None   streamable_http.py:785
INFO:     2a06:98c0:3600::103:0 - "POST /mcp/ HTTP/1.1" 200 OK
[08/17/26 22:48:40] INFO     Terminating session: None   streamable_http.py:785
                    INFO     Processing request of type           server.py:727
                             CallToolRequest                                   
[08/17/26 22:49:38] WARNING  external DB skipped (conf 1): disallowed sql.py:64
                             URI scheme                                        
                    WARNING  external DB skipped (conf 2): disallowed sql.py:64
                             URI scheme                                        
                    WARNING  external DB skipped (conf 3): disallowed sql.py:64
                             URI scheme                                        
                    WARNING  external DB skipped (conf 4): disallowed sql.py:64
                             URI scheme                                        
[08/17/26 22:49:39] WARNING  local vault skipped (24):       local_vault.py:389
                             OperationalError: no such                         
                             table: agent_artifacts                            
[08/17/26 22:49:40] WARNING  local vault 7: timed out after  local_vault.py:348
                             2.0s, dropped from sweep                          
                    WARNING  local vault 15: timed out after local_vault.py:348
                             2.0s, dropped from sweep                          
                    WARNING  local vault 8: timed out after  local_vault.py:348
                             2.0s, dropped from sweep                          
                    WARNING  local vault 2: timed out after  local_vault.py:348
                             2.0s, dropped from sweep                          
                    WARNING  local vault 17: timed out after local_vault.py:348
                             2.0s, dropped from sweep                          
[08/17/26 22:49:41] WARNING  local vault 21: timed out after local_vault.py:348
                             2.0s, dropped from sweep                          
                    WARNING  local vault 34: timed out after local_vault.py:348
                             2.0s, dropped from sweep                          
INFO:     2a06:98c0:3600::103:0 - "POST /mcp/ HTTP/1.1" 200 OK
                    INFO     Terminating session: None   streamable_http.py:785
INFO:     2a06:98c0:3600::103:0 - "POST /mcp/ HTTP/1.1" 200 OK
[08/17/26 23:03:28] INFO     Terminating session: None   streamable_http.py:785
[08/17/26 23:03:29] INFO     Processing request of type           server.py:727
                             CallToolRequest                                   
[08/17/26 23:03:40] WARNING  external DB skipped (conf 1): disallowed sql.py:64
                             URI scheme                                        
                    WARNING  external DB skipped (conf 2): disallowed sql.py:64
                             URI scheme                                        
                    WARNING  external DB skipped (conf 3): disallowed sql.py:64
                             URI scheme                                        
                    WARNING  external DB skipped (conf 4): disallowed sql.py:64
                             URI scheme                                        
[08/17/26 23:03:41] WARNING  local vault skipped (24):       local_vault.py:389
                             OperationalError: no such                         
                             table: agent_artifacts                            
INFO:     2a06:98c0:3600::103:0 - "POST /mcp/ HTTP/1.1" 200 OK
[08/17/26 23:03:42] INFO     Terminating session: None   streamable_http.py:785
INFO:     2a06:98c0:3600::103:0 - "POST /mcp/ HTTP/1.1" 200 OK
[08/17/26 23:13:55] INFO     Terminating session: None   streamable_http.py:785
                    INFO     Processing request of type           server.py:727
                             CallToolRequest                                   
[08/17/26 23:14:18] WARNING  external DB skipped (conf 1): disallowed sql.py:64
                             URI scheme                                        
                    WARNING  external DB skipped (conf 2): disallowed sql.py:64
                             URI scheme                                        
                    WARNING  external DB skipped (conf 3): disallowed sql.py:64
                             URI scheme                                        
                    WARNING  external DB skipped (conf 4): disallowed sql.py:64
                             URI scheme                                        
[08/17/26 23:14:19] WARNING  local vault skipped (24):       local_vault.py:389
                             OperationalError: no such                         
                             table: agent_artifacts                            
INFO:     2a06:98c0:3600::103:0 - "POST /mcp/ HTTP/1.1" 200 OK
[08/17/26 23:14:20] INFO     Terminating session: None   streamable_http.py:785
INFO:     2a06:98c0:3600::103:0 - "POST /mcp/ HTTP/1.1" 200 OK
[08/17/26 23:14:53] INFO     Terminating session: None   streamable_http.py:785
                    INFO     Processing request of type           server.py:727
                             CallToolRequest                                   
[08/17/26 23:15:14] WARNING  external DB skipped (conf 1): disallowed sql.py:64
                             URI scheme                                        
                    WARNING  external DB skipped (conf 2): disallowed sql.py:64
                             URI scheme                                        
                    WARNING  external DB skipped (conf 3): disallowed sql.py:64
                             URI scheme                                        
                    WARNING  external DB skipped (conf 4): disallowed sql.py:64
                             URI scheme                                        
                    WARNING  local vault skipped (24):       local_vault.py:389
                             OperationalError: no such                         
                             table: agent_artifacts                            
INFO:     2a06:98c0:3600::103:0 - "POST /mcp/ HTTP/1.1" 200 OK
[08/17/26 23:15:16] INFO     Terminating session: None   streamable_http.py:785
INFO:     2a06:98c0:3600::103:0 - "POST /mcp/ HTTP/1.1" 200 OK
[08/17/26 23:15:20] INFO     Terminating session: None   streamable_http.py:785
                    INFO     Processing request of type           server.py:727
                             CallToolRequest                                   
[08/17/26 23:16:01] WARNING  external DB skipped (conf 1): disallowed sql.py:64
                             URI scheme                                        
                    WARNING  external DB skipped (conf 2): disallowed sql.py:64
                             URI scheme                                        
                    WARNING  external DB skipped (conf 3): disallowed sql.py:64
                             URI scheme                                        
                    WARNING  external DB skipped (conf 4): disallowed sql.py:64
                             URI scheme                                        
                    WARNING  local vault skipped (24):       local_vault.py:389
                             OperationalError: no such                         
                             table: agent_artifacts                            
[08/17/26 23:16:03] WARNING  local vault 8: timed out after  local_vault.py:348
                             2.0s, dropped from sweep                          
                    WARNING  local vault 2: timed out after  local_vault.py:348
                             2.0s, dropped from sweep                          
                    WARNING  local vault 21: timed out after local_vault.py:348
                             2.0s, dropped from sweep                          
[08/17/26 23:16:04] WARNING  local vault 34: timed out after local_vault.py:348
                             2.0s, dropped from sweep                          
INFO:     2a06:98c0:3600::103:0 - "POST /mcp/ HTTP/1.1" 200 OK
                    INFO     Terminating session: None   streamable_http.py:785
INFO:     2a06:98c0:3600::103:0 - "POST /mcp/ HTTP/1.1" 200 OK
[08/18/26 07:23:39] INFO     Terminating session: None   streamable_http.py:785
                    INFO     Processing request of type           server.py:727
                             CallToolRequest                                   
[08/18/26 07:25:01] WARNING  external DB skipped (conf 1): disallowed sql.py:64
                             URI scheme                                        
                    WARNING  external DB skipped (conf 2): disallowed sql.py:64
                             URI scheme                                        
                    WARNING  external DB skipped (conf 3): disallowed sql.py:64
                             URI scheme                                        
                    WARNING  external DB skipped (conf 4): disallowed sql.py:64
                             URI scheme                                        
[08/18/26 07:25:02] WARNING  local vault skipped (24):       local_vault.py:389
                             OperationalError: no such                         
                             table: agent_artifacts                            
INFO:     2a06:98c0:3600::103:0 - "POST /mcp/ HTTP/1.1" 200 OK
[08/18/26 07:25:03] INFO     Terminating session: None   streamable_http.py:785
INFO:     2a06:98c0:3600::103:0 - "POST /mcp/ HTTP/1.1" 200 OK
[08/18/26 07:25:04] INFO     Terminating session: None   streamable_http.py:785
                    INFO     Processing request of type           server.py:727
                             CallToolRequest                                   
[08/18/26 07:25:18] WARNING  external DB skipped (conf 1): disallowed sql.py:64
                             URI scheme                                        
                    WARNING  external DB skipped (conf 2): disallowed sql.py:64
                             URI scheme                                        
                    WARNING  external DB skipped (conf 3): disallowed sql.py:64
                             URI scheme                                        
                    WARNING  external DB skipped (conf 4): disallowed sql.py:64
                             URI scheme                                        
                    WARNING  local vault skipped (24):       local_vault.py:389
                             OperationalError: no such                         
                             table: agent_artifacts                            
INFO:     2a06:98c0:3600::103:0 - "POST /mcp/ HTTP/1.1" 200 OK
[08/18/26 07:25:19] INFO     Terminating session: None   streamable_http.py:785
INFO:     2a06:98c0:3600::103:0 - "POST /agent HTTP/1.1" 404 Not Found
INFO:     2a06:98c0:3600::103:0 - "POST /agent HTTP/1.1" 404 Not Found
INFO:     127.0.0.1:14659 - "POST /agent HTTP/1.1" 404 Not Found
INFO:     127.0.0.1:14660 - "GET /health HTTP/1.1" 200 OK
[08/18/26 09:02:45] WARNING  external DB skipped (conf 1): disallowed sql.py:64
                             URI scheme                                        
                    WARNING  external DB skipped (conf 2): disallowed sql.py:64
                             URI scheme                                        
                    WARNING  external DB skipped (conf 3): disallowed sql.py:64
                             URI scheme                                        
                    WARNING  external DB skipped (conf 4): disallowed sql.py:64
                             URI scheme                                        
[08/18/26 09:02:47] WARNING  local vault skipped (24):       local_vault.py:389
                             OperationalError: no such                         
                             table: agent_artifacts                            
[08/18/26 09:02:49] WARNING  local vault 2: timed out after  local_vault.py:348
                             2.0s, dropped from sweep                          
                    WARNING  local vault 8: timed out after  local_vault.py:348
                             2.0s, dropped from sweep                          
[08/18/26 09:02:51] WARNING  local vault 21: timed out after local_vault.py:348
                             2.0s, dropped from sweep                          
[08/18/26 09:02:52] WARNING  local vault 34: timed out after local_vault.py:348
                             2.0s, dropped from sweep                          
[08/18/26 09:04:12] WARNING  external DB skipped (conf 1): disallowed sql.py:64
                             URI scheme                                        
[08/18/26 09:04:13] WARNING  external DB skipped (conf 2): disallowed sql.py:64
                             URI scheme                                        
                    WARNING  external DB skipped (conf 3): disallowed sql.py:64
                             URI scheme                                        
                    WARNING  external DB skipped (conf 4): disallowed sql.py:64
                             URI scheme                                        
[08/18/26 09:04:14] WARNING  local vault skipped (24):       local_vault.py:389
                             OperationalError: no such                         
                             table: agent_artifacts                            
[08/18/26 09:04:15] WARNING  local vault 2: timed out after  local_vault.py:348
                             2.0s, dropped from sweep                          
[08/18/26 09:04:16] WARNING  local vault 8: timed out after  local_vault.py:348
                             2.0s, dropped from sweep                          
[08/18/26 09:04:44] WARNING  local vault 34: timed out after local_vault.py:348
                             2.0s, dropped from sweep                          
[08/18/26 09:04:45] WARNING  local vault 21: timed out after local_vault.py:348
                             2.0s, dropped from sweep                          
[08/18/26 09:04:50] WARNING  local vault 19: timed out after local_vault.py:348
                             2.0s, dropped from sweep                          
[08/18/26 09:05:05] WARNING  external DB skipped (conf 1): disallowed sql.py:64
                             URI scheme                                        
                    WARNING  external DB skipped (conf 2): disallowed sql.py:64
                             URI scheme                                        
                    WARNING  external DB skipped (conf 3): disallowed sql.py:64
                             URI scheme                                        
                    WARNING  external DB skipped (conf 4): disallowed sql.py:64
                             URI scheme                                        
[08/18/26 09:05:06] WARNING  local vault skipped (24):       local_vault.py:389
                             OperationalError: no such                         
                             table: agent_artifacts                            
[08/18/26 09:05:24] WARNING  local vault 8: timed out after  local_vault.py:348
                             2.0s, dropped from sweep                          
[08/18/26 09:05:26] WARNING  local vault 19: timed out after local_vault.py:348
                             2.0s, dropped from sweep                          
[08/18/26 09:05:40] WARNING  external DB skipped (conf 1): disallowed sql.py:64
                             URI scheme                                        
                    WARNING  external DB skipped (conf 2): disallowed sql.py:64
                             URI scheme                                        
                    WARNING  external DB skipped (conf 3): disallowed sql.py:64
                             URI scheme                                        
                    WARNING  external DB skipped (conf 4): disallowed sql.py:64
                             URI scheme                                        
[08/18/26 09:05:42] WARNING  local vault skipped (24):       local_vault.py:389
                             OperationalError: no such                         
                             table: agent_artifacts                            
[08/18/26 09:10:51] WARNING  external DB skipped (conf 1): disallowed sql.py:64
                             URI scheme                                        
                    WARNING  external DB skipped (conf 2): disallowed sql.py:64
                             URI scheme                                        
                    WARNING  external DB skipped (conf 3): disallowed sql.py:64
                             URI scheme                                        
                    WARNING  external DB skipped (conf 4): disallowed sql.py:64
                             URI scheme                                        
[08/18/26 09:10:52] WARNING  local vault skipped (24):       local_vault.py:389
                             OperationalError: no such                         
                             table: agent_artifacts                            
INFO:     50.17.198.149:0 - "POST /search HTTP/1.1" 200 OK
[08/18/26 09:11:29] WARNING  external DB skipped (conf 1): disallowed sql.py:64
                             URI scheme                                        
                    WARNING  external DB skipped (conf 2): disallowed sql.py:64
                             URI scheme                                        
                    WARNING  external DB skipped (conf 3): disallowed sql.py:64
                             URI scheme                                        
                    WARNING  external DB skipped (conf 4): disallowed sql.py:64
                             URI scheme                                        
[08/18/26 09:11:30] WARNING  local vault skipped (24):       local_vault.py:389
                             OperationalError: no such                         
                             table: agent_artifacts                            
INFO:     50.17.198.149:0 - "POST /search HTTP/1.1" 200 OK
[08/18/26 09:12:15] WARNING  external DB skipped (conf 1): disallowed sql.py:64
                             URI scheme                                        
                    WARNING  external DB skipped (conf 2): disallowed sql.py:64
                             URI scheme                                        
                    WARNING  external DB skipped (conf 3): disallowed sql.py:64
                             URI scheme                                        
                    WARNING  external DB skipped (conf 4): disallowed sql.py:64
                             URI scheme                                        
[08/18/26 09:12:16] WARNING  local vault skipped (24):       local_vault.py:389
                             OperationalError: no such                         
                             table: agent_artifacts                            
INFO:     50.17.198.149:0 - "POST /search HTTP/1.1" 200 OK
INFO:     2a06:98c0:3600::103:0 - "POST /mcp/ HTTP/1.1" 200 OK
[08/18/26 09:12:46] INFO     Terminating session: None   streamable_http.py:785
                    INFO     Processing request of type           server.py:727
                             CallToolRequest                                   
INFO:     2a06:98c0:3600::103:0 - "POST /mcp/ HTTP/1.1" 200 OK
[08/18/26 09:12:52] INFO     Terminating session: None   streamable_http.py:785
[Tue 08/18/2026 10:35:29.49] starting NGS node 
[*] node token: configured (fp=9c67af03a9da)
[*] bind      : 0.0.0.0:4444
[*] federate  : http://127.0.0.1:4444   <- peers link this URL
[*] HUD       : not mounted (network-exposed, no NGS_HUD_USER/PASSWORD) - intended
[*] peers need NGS_ALLOW_INSECURE_CLOUD=1 for plaintext http to 127.0.0.1
[*] exec      : C:\Users\super\Watchtower\NouGen\NouGenShards-push-main\.venv\Scripts\python.exe -m uvicorn app:app --host 0.0.0.0 --port 4444
[WARN] Interactive API docs not mounted: host is network-exposed (bind=0.0.0.0, managed_platform=False). Set NGS_DOCS_PUBLIC=1 to publish /docs, /redoc and /openapi.json anyway.
C:\Users\super\Watchtower\NouGen\NouGenShards-push-main\app.py:1001: UserWarning: The parameters have been moved from the Blocks constructor to the launch() method in Gradio 6.0: theme. Please pass these parameters to launch() instead.
  with gr.Blocks(title="NouGenShards Cortex HUD", theme=gr.themes.Soft()) as cortex_hud:
[08/18/26 10:41:05] INFO     HTTP Request: HEAD                 _client.py:1025
                             https://huggingface.co/api/telemet                
                             ry/https%3A/api.gradio.app/gradio-                
                             initiated-analytics "HTTP/1.1 200                 
                             OK"                                               
                    INFO     HTTP Request: GET                  _client.py:1025[WARN] Cortex HUD not mounted: host is network-exposed (bind=0.0.0.0, managed_platform=False) and NGS_HUD_USER/NGS_HUD_PASSWORD are unset. The /mcp endpoint and REST API remain available; set both env vars to serve the vault UI.

                             https://api.gradio.app/pkg-version                
                             "HTTP/1.1 200 OK"                                 
INFO:     Started server process [17712]
INFO:     Waiting for application startup.
                    INFO     StreamableHTTP      streamable_http_manager.py:131
                             session manager                                   
                             started                                           
INFO:     Application startup complete.
INFO:     Uvicorn running on http://0.0.0.0:4444 (Press CTRL+C to quit)
INFO:     127.0.0.1:1223 - "GET /health HTTP/1.1" 200 OK
INFO:     2601:58b:1700:6960:9da4:f9b2:35e9:38d5:0 - "GET /health HTTP/1.1" 200 OK
INFO:     2601:58b:1700:6960:9da4:f9b2:35e9:38d5:0 - "GET / HTTP/1.1" 404 Not Found
INFO:     2a06:98c0:3600::103:0 - "POST /mcp/ HTTP/1.1" 200 OK
[08/18/26 11:12:59] INFO     Terminating session: None   streamable_http.py:785
[08/18/26 11:13:00] INFO     Processing request of type           server.py:727
                             CallToolRequest                                   
[08/18/26 11:21:53] WARNING  external DB skipped (conf 1): disallowed sql.py:64
                             URI scheme                                        
                    WARNING  external DB skipped (conf 2): disallowed sql.py:64
                             URI scheme                                        
                    WARNING  external DB skipped (conf 3): disallowed sql.py:64
                             URI scheme                                        
                    WARNING  external DB skipped (conf 4): disallowed sql.py:64
                             URI scheme                                        
[08/18/26 11:21:54] WARNING  local vault skipped (24):       local_vault.py:389
                             OperationalError: no such                         
                             table: agent_artifacts                            
[08/18/26 11:21:55] WARNING  local vault 2: timed out after  local_vault.py:348
                             2.0s, dropped from sweep                          
                    WARNING  local vault 8: timed out after  local_vault.py:348
                             2.0s, dropped from sweep                          
[08/18/26 11:21:56] WARNING  local vault 21: timed out after local_vault.py:348
                             2.0s, dropped from sweep                          
[08/18/26 11:21:58] WARNING  local vault 34: timed out after local_vault.py:348
                             2.0s, dropped from sweep                          
[08/18/26 11:21:59] ERROR    Exception in callback          base_events.py:1757
                             _ProactorBasePipeTransport._ca                    
                             ll_connection_lost(None)                          
                             handle: <Handle                                   
                             _ProactorBasePipeTransport._ca                    
                             ll_connection_lost(None)>                         
                             +- Traceback (most recent ca-+                    
                             | C:\Users\super\AppData\Loc |                    
                             | al\Programs\Python\Python3 |                    
                             | 11\Lib\asyncio\events.py:8 |                    
                             | 0 in _run                  |                    
                             |                            |                    
                             |    77                      |                    
                             |    78     def _run(self):  |                    
                             |    79         try:         |                    
                             | >  80             self._co |                    
                             |    81         except (Syst |                    
                             |    82             raise    |                    
                             |    83         except BaseE |                    
                             |                            |                    
                             | C:\Users\super\AppData\Loc |                    
                             | al\Programs\Python\Python3 |                    
                             | 11\Lib\asyncio\proactor_ev |                    
                             | ents.py:162 in             |                    
                             | _call_connection_lost      |                    
                             |                            |                    
                             |   159             # just c |                    
                             |   160             # cure i |                    
                             |   161             if hasat |                    
                             | > 162                 self |                    
                             |   163             self._so |                    
                             |   164             self._so |                    
                             |   165             server = |                    
                             +----------------------------+                    
                             ConnectionResetError:                             
                             [WinError 10054] An existing                      
                             connection was forcibly closed                    
                             by the remote host                                
[08/18/26 11:22:01] INFO     Terminating session: None   streamable_http.py:785
[08/18/26 11:22:02] ERROR    Exception in callback          base_events.py:1757
                             _ProactorBasePipeTransport._ca                    
                             ll_connection_lost(None)                          
                             handle: <Handle                                   
                             _ProactorBasePipeTransport._ca                    
                             ll_connection_lost(None)>                         
                             +- Traceback (most recent ca-+                    
                             | C:\Users\super\AppData\Loc |                    
                             | al\Programs\Python\Python3 |                    
                             | 11\Lib\asyncio\events.py:8 |                    
                             | 0 in _run                  |                    
                             |                            |                    
                             |    77                      |                    
                             |    78     def _run(self):  |                    
                             |    79         try:         |                    
                             | >  80             self._co |                    
                             |    81         except (Syst |                    
                             |    82             raise    |                    
                             |    83         except BaseE |                    
                             |                            |                    
                             | C:\Users\super\AppData\Loc |                    
                             | al\Programs\Python\Python3 |                    
                             | 11\Lib\asyncio\proactor_ev |                    
                             | ents.py:162 in             |                    
                             | _call_connection_lost      |                    
                             |                            |                    
                             |   159             # just c |                    
                             |   160             # cure i |                    
                             |   161             if hasat |                    
                             | > 162                 self |                    
                             |   163             self._so |                    
                             |   164             self._so |                    
                             |   165             server = |                    
                             +----------------------------+                    
                             ConnectionResetError:                             
                             [WinError 10054] An existing                      
                             connection was forcibly closed                    
                             by the remote host                                
                    ERROR    Error handling POST request streamable_http.py:648
                             +- Traceback (most recent-+                       
                             | C:\Users\super\Watchtow |                       
                             | er\NouGen\NouGenShards- |                       
                             | push-main\.venv\Lib\sit |                       
                             | e-packages\mcp\server\s |                       
                             | treamable_http.py:466   |                       
                             | in _handle_post_request |                       
                             |                         |                       
                             |    463                  |                       
                             |    464                  |                       
                             |    465             # Pa |                       
                             | >  466             body |                       
                             |    467                  |                       
                             |    468             try: |                       
                             |    469                  |                       
                             |                         |                       
                             | C:\Users\super\Watchtow |                       
                             | er\NouGen\NouGenShards- |                       
                             | push-main\.venv\Lib\sit |                       
                             | e-packages\starlette\re |                       
                             | quests.py:257 in body   |                       
                             |                         |                       
                             |   254     async def bod |                       
                             |   255         if not ha |                       
                             |   256             chunk |                       
                             | > 257             async |                       
                             |   258                 c |                       
                             |   259             self. |                       
                             |   260         return se |                       
                             |                         |                       
                             | C:\Users\super\Watchtow |                       
                             | er\NouGen\NouGenShards- |                       
                             | push-main\.venv\Lib\sit |                       
                             | e-packages\starlette\re |                       
                             | quests.py:251 in stream |                       
                             |                         |                       
                             |   248                   |                       
                             |   249             elif  |                       
                             |   250                 s |                       
                             | > 251                 r |                       
                             |   252         yield b"" |                       
                             |   253                   |                       
                             |   254     async def bod |                       
                             +-------------------------+                       
                             ClientDisconnect                                  
                    ERROR    Exception in callback          base_events.py:1757
                             _ProactorBasePipeTransport._ca                    
                             ll_connection_lost(None)                          
                             handle: <Handle                                   
                             _ProactorBasePipeTransport._ca                    
                             ll_connection_lost(None)>                         
                             +- Traceback (most recent ca-+                    
                             | C:\Users\super\AppData\Loc |                    
                             | al\Programs\Python\Python3 |                    
                             | 11\Lib\asyncio\events.py:8 |                    
                             | 0 in _run                  |                    
                             |                            |                    
                             |    77                      |                    
                             |    78     def _run(self):  |                    
                             |    79         try:         |                    
                             | >  80             self._co |                    
                             |    81         except (Syst |                    
                             |    82             raise    |                    
                             |    83         except BaseE |                    
                             |                            |                    
                             | C:\Users\super\AppData\Loc |                    
                             | al\Programs\Python\Python3 |                    
                             | 11\Lib\asyncio\proactor_ev |                    
                             | ents.py:162 in             |                    
                             | _call_connection_lost      |                    
                             |                            |                    
                             |   159             # just c |                    
                             |   160             # cure i |                    
                             |   161             if hasat |                    
                             | > 162                 self |                    
                             |   163             self._so |                    
                             |   164             self._so |                    
                             |   165             server = |                    
                             +----------------------------+                    
                             ConnectionResetError:                             
                             [WinError 10054] An existing                      
                             connection was forcibly closed                    
                             by the remote host                                
                    ERROR    Error handling POST request streamable_http.py:648
                             +- Traceback (most recent-+                       
                             | C:\Users\super\Watchtow |                       
                             | er\NouGen\NouGenShards- |                       
                             | push-main\.venv\Lib\sit |                       
                             | e-packages\mcp\server\s |                       
                             | treamable_http.py:466   |                       
                             | in _handle_post_request |                       
                             |                         |                       
                             |    463                  |                       
                             |    464                  |                       
                             |    465             # Pa |                       
                             | >  466             body |                       
                             |    467                  |                       
                             |    468             try: |                       
                             |    469                  |                       
                             |                         |                       
                             | C:\Users\super\Watchtow |                       
                             | er\NouGen\NouGenShards- |                       
                             | push-main\.venv\Lib\sit |                       
                             | e-packages\starlette\re |                       
                             | quests.py:257 in body   |                       
                             |                         |                       
                             |   254     async def bod |                       
                             |   255         if not ha |                       
                             |   256             chunk |                       
                             | > 257             async |                       
                             |   258                 c |                       
                             |   259             self. |                       
                             |   260         return se |                       
                             |                         |                       
                             | C:\Users\super\Watchtow |                       
                             | er\NouGen\NouGenShards- |                       
                             | push-main\.venv\Lib\sit |                       
                             | e-packages\starlette\re |                       
                             | quests.py:251 in stream |                       
                             |                         |                       
                             |   248                   |                       
                             |   249             elif  |                       
                             |   250                 s |                       
                             | > 251                 r |                       
                             |   252         yield b"" |                       
                             |   253                   |                       
                             |   254     async def bod |                       
                             +-------------------------+                       
                             ClientDisconnect                                  
                    INFO     Terminating session: None   streamable_http.py:785
                    INFO     Terminating session: None   streamable_http.py:785
                    ERROR    Received exception from stream:      server.py:707
                    ERROR    Received exception from stream:      server.py:707
INFO:     2601:58b:1700:6960:9da4:f9b2:35e9:38d5:0 - "GET /health HTTP/1.1" 200 OK
INFO:     2a06:98c0:3600::103:0 - "POST /mcp/ HTTP/1.1" 200 OK
[08/18/26 11:28:15] INFO     Terminating session: None   streamable_http.py:785
                    INFO     Processing request of type           server.py:727
                             CallToolRequest                                   
INFO:     2a06:98c0:3600::103:0 - "POST /mcp/ HTTP/1.1" 200 OK
[08/18/26 11:28:22] INFO     Terminating session: None   streamable_http.py:785
INFO:     2a06:98c0:3600::103:0 - "POST /mcp/ HTTP/1.1" 200 OK
[08/18/26 11:32:21] INFO     Terminating session: None   streamable_http.py:785
                    INFO     Processing request of type           server.py:727
                             CallToolRequest                                   
[08/18/26 11:32:51] WARNING  external DB skipped (conf 1): disallowed sql.py:64
                             URI scheme                                        
                    WARNING  external DB skipped (conf 2): disallowed sql.py:64
                             URI scheme                                        
                    WARNING  external DB skipped (conf 3): disallowed sql.py:64
                             URI scheme                                        
                    WARNING  external DB skipped (conf 4): disallowed sql.py:64
                             URI scheme                                        
                    WARNING  local vault skipped (24):       local_vault.py:389
                             OperationalError: no such                         
                             table: agent_artifacts                            
[08/18/26 11:32:53] WARNING  local vault 8: timed out after  local_vault.py:348
                             2.0s, dropped from sweep                          
                    WARNING  local vault 21: timed out after local_vault.py:348
                             2.0s, dropped from sweep                          
INFO:     2a06:98c0:3600::103:0 - "POST /mcp/ HTTP/1.1" 200 OK
                    INFO     Terminating session: None   streamable_http.py:785
INFO:     2a06:98c0:3600::103:0 - "POST /mcp/ HTTP/1.1" 200 OK
[08/18/26 11:33:29] INFO     Terminating session: None   streamable_http.py:785
INFO:     2a06:98c0:3600::103:0 - "POST /mcp/ HTTP/1.1" 200 OK
                    INFO     Terminating session: None   streamable_http.py:785
                    INFO     Processing request of type           server.py:727
                             CallToolRequest                                   
[08/18/26 11:33:40] WARNING  external DB skipped (conf 1): disallowed sql.py:64
                             URI scheme                                        
                    WARNING  external DB skipped (conf 2): disallowed sql.py:64
                             URI scheme                                        
                    WARNING  external DB skipped (conf 3): disallowed sql.py:64
                             URI scheme                                        
                    WARNING  external DB skipped (conf 4): disallowed sql.py:64
                             URI scheme                                        
[08/18/26 11:33:41] WARNING  local vault skipped (24):       local_vault.py:389
                             OperationalError: no such                         
                             table: agent_artifacts                            
INFO:     2a06:98c0:3600::103:0 - "POST /mcp/ HTTP/1.1" 200 OK
                    INFO     Terminating session: None   streamable_http.py:785
                    INFO     Processing request of type           server.py:727
                             CallToolRequest                                   
[08/18/26 11:33:52] WARNING  external DB skipped (conf 1): disallowed sql.py:64
                             URI scheme                                        
                    WARNING  external DB skipped (conf 2): disallowed sql.py:64
                             URI scheme                                        
                    WARNING  external DB skipped (conf 3): disallowed sql.py:64
                             URI scheme                                        
                    WARNING  external DB skipped (conf 4): disallowed sql.py:64
                             URI scheme                                        
                    WARNING  local vault skipped (24):       local_vault.py:389
                             OperationalError: no such                         
                             table: agent_artifacts                            
INFO:     2a06:98c0:3600::103:0 - "POST /mcp/ HTTP/1.1" 200 OK
[08/18/26 11:33:53] INFO     Terminating session: None   streamable_http.py:785
INFO:     2a06:98c0:3600::103:0 - "POST /mcp/ HTTP/1.1" 200 OK
                    INFO     Terminating session: None   streamable_http.py:785
INFO:     2a06:98c0:3600::103:0 - "POST /mcp/ HTTP/1.1" 200 OK
                    INFO     Terminating session: None   streamable_http.py:785
                    INFO     Processing request of type           server.py:727
                             CallToolRequest                                   
[08/18/26 11:34:02] WARNING  external DB skipped (conf 1): disallowed sql.py:64
                             URI scheme                                        
                    WARNING  external DB skipped (conf 2): disallowed sql.py:64
                             URI scheme                                        
                    WARNING  external DB skipped (conf 3): disallowed sql.py:64
                             URI scheme                                        
                    WARNING  external DB skipped (conf 4): disallowed sql.py:64
                             URI scheme                                        
[08/18/26 11:34:03] WARNING  local vault skipped (24):       local_vault.py:389
                             OperationalError: no such                         
                             table: agent_artifacts                            
INFO:     2a06:98c0:3600::103:0 - "POST /mcp/ HTTP/1.1" 200 OK
[08/18/26 11:34:04] INFO     Terminating session: None   streamable_http.py:785
                    INFO     Processing request of type           server.py:727
                             CallToolRequest                                   
[08/18/26 11:34:18] WARNING  external DB skipped (conf 1): disallowed sql.py:64
                             URI scheme                                        
                    WARNING  external DB skipped (conf 2): disallowed sql.py:64
                             URI scheme                                        
                    WARNING  external DB skipped (conf 3): disallowed sql.py:64
                             URI scheme                                        
                    WARNING  external DB skipped (conf 4): disallowed sql.py:64
                             URI scheme                                        
                    WARNING  local vault skipped (24):       local_vault.py:389
                             OperationalError: no such                         
                             table: agent_artifacts                            
INFO:     2a06:98c0:3600::103:0 - "POST /mcp/ HTTP/1.1" 200 OK
[08/18/26 11:34:19] INFO     Terminating session: None   streamable_http.py:785
[Tue 08/18/2026 16:34:22.29] starting NGS node 
[*] node token: configured (fp=9c67af03a9da)
[*] bind      : 0.0.0.0:4444
[*] federate  : http://10.0.0.87:4444   <- peers link this URL
[*] HUD       : not mounted (network-exposed, no NGS_HUD_USER/PASSWORD) - intended
[*] peers need NGS_ALLOW_INSECURE_CLOUD=1 for plaintext http to 10.0.0.87
[*] exec      : C:\Users\super\Watchtower\NouGen\NouGenShards-push-main\.venv\Scripts\python.exe -m uvicorn app:app --host 0.0.0.0 --port 4444
[WARN] Interactive API docs not mounted: host is network-exposed (bind=0.0.0.0, managed_platform=False). Set NGS_DOCS_PUBLIC=1 to publish /docs, /redoc and /openapi.json anyway.
C:\Users\super\Watchtower\NouGen\NouGenShards-push-main\app.py:1007: UserWarning: The parameters have been moved from the Blocks constructor to the launch() method in Gradio 6.0: theme. Please pass these parameters to launch() instead.
  with gr.Blocks(title="NouGenShards Cortex HUD", theme=gr.themes.Soft()) as cortex_hud:
[08/18/26 16:34:37] INFO     HTTP Request: HEAD                 _client.py:1025
                             https://huggingface.co/api/telemet                
                             ry/https%3A/api.gradio.app/gradio-                
                             initiated-analytics "HTTP/1.1 200                 
                             OK"                                               
[WARN] Cortex HUD not mounted: host is network-exposed (bind=0.0.0.0, managed_platform=False) and NGS_HUD_USER/NGS_HUD_PASSWORD are unset. The /mcp endpoint and REST API remain available; set both env vars to serve the vault UI.
INFO:     Started server process [18644]
INFO:     Waiting for application startup.
                    INFO     StreamableHTTP      streamable_http_manager.py:131
                             session manager                                   
                             started                                           
INFO:     Application startup complete.
INFO:     Uvicorn running on http://0.0.0.0:4444 (Press CTRL+C to quit)
                    INFO     HTTP Request: GET                  _client.py:1025
                             https://api.gradio.app/pkg-version                
                             "HTTP/1.1 200 OK"                                 
INFO:     127.0.0.1:4100 - "GET /health HTTP/1.1" 200 OK
INFO:     2a06:98c0:3600::103:0 - "POST /mcp/ HTTP/1.1" 200 OK
[08/18/26 16:37:44] INFO     Terminating session: None   streamable_http.py:785
                    INFO     Processing request of type           server.py:727
                             CallToolRequest                                   
INFO:     2a06:98c0:3600::103:0 - "POST /mcp/ HTTP/1.1" 200 OK
[08/18/26 16:37:49] INFO     Terminating session: None   streamable_http.py:785
[08/18/26 16:50:19] INFO     fuzzy lane capped on db1: scanned     core.py:1125
                             4000 of its shards (highest                       
                             utility_score first); raise                       
                             NOUGEN_FUZZY_MAX_ROWS to widen                    
[08/18/26 16:50:20] INFO     fuzzy lane capped on db2: scanned     core.py:1125
                             4000 of its shards (highest                       
                             utility_score first); raise                       
                             NOUGEN_FUZZY_MAX_ROWS to widen                    
[08/18/26 16:50:21] INFO     fuzzy lane capped on db3: scanned     core.py:1125
                             4000 of its shards (highest                       
                             utility_score first); raise                       
                             NOUGEN_FUZZY_MAX_ROWS to widen                    
[08/18/26 16:50:22] INFO     fuzzy lane capped on db4: scanned     core.py:1125
                             4000 of its shards (highest                       
                             utility_score first); raise                       
                             NOUGEN_FUZZY_MAX_ROWS to widen                    
[08/18/26 16:50:23] INFO     fuzzy lane capped on db1: scanned     core.py:1125
                             4000 of its shards (highest                       
                             utility_score first); raise                       
                             NOUGEN_FUZZY_MAX_ROWS to widen                    
[08/18/26 16:50:24] INFO     fuzzy lane capped on db5: scanned     core.py:1125
                             4000 of its shards (highest                       
                             utility_score first); raise                       
                             NOUGEN_FUZZY_MAX_ROWS to widen                    
[08/18/26 16:50:25] INFO     fuzzy lane capped on db2: scanned     core.py:1125
                             4000 of its shards (highest                       
                             utility_score first); raise                       
                             NOUGEN_FUZZY_MAX_ROWS to widen                    
                    INFO     fuzzy lane capped on db6: scanned     core.py:1125
                             4000 of its shards (highest                       
                             utility_score first); raise                       
                             NOUGEN_FUZZY_MAX_ROWS to widen                    
[08/18/26 16:50:27] INFO     fuzzy lane capped on db3: scanned     core.py:1125
                             4000 of its shards (highest                       
                             utility_score first); raise                       
                             NOUGEN_FUZZY_MAX_ROWS to widen                    
                    INFO     fuzzy lane capped on db7: scanned     core.py:1125
                             4000 of its shards (highest                       
                             utility_score first); raise                       
                             NOUGEN_FUZZY_MAX_ROWS to widen                    
[08/18/26 16:50:28] INFO     fuzzy lane capped on db4: scanned     core.py:1125
                             4000 of its shards (highest                       
                             utility_score first); raise                       
                             NOUGEN_FUZZY_MAX_ROWS to widen                    
[08/18/26 16:50:29] INFO     fuzzy lane capped on db8: scanned     core.py:1125
                             4000 of its shards (highest                       
                             utility_score first); raise                       
                             NOUGEN_FUZZY_MAX_ROWS to widen                    
[08/18/26 16:50:30] INFO     fuzzy lane capped on db5: scanned     core.py:1125
                             4000 of its shards (highest                       
                             utility_score first); raise                       
                             NOUGEN_FUZZY_MAX_ROWS to widen                    
                    INFO     fuzzy lane capped on db9: scanned     core.py:1125
                             4000 of its shards (highest                       
                             utility_score first); raise                       
                             NOUGEN_FUZZY_MAX_ROWS to widen                    
                    WARNING  external DB skipped (conf 1): disallowed sql.py:64
                             URI scheme                                        
                    WARNING  external DB skipped (conf 2): disallowed sql.py:64
                             URI scheme                                        
                    WARNING  external DB skipped (conf 3): disallowed sql.py:64
                             URI scheme                                        
                    WARNING  external DB skipped (conf 4): disallowed sql.py:64
                             URI scheme                                        
                    WARNING  local vault skipped (24):       local_vault.py:440
                             OperationalError: no such                         
                             table: agent_artifacts                            
[08/18/26 16:50:31] INFO     fuzzy lane capped on db6: scanned     core.py:1125
                             4000 of its shards (highest                       
                             utility_score first); raise                       
                             NOUGEN_FUZZY_MAX_ROWS to widen                    
[08/18/26 16:50:33] INFO     fuzzy lane capped on db7: scanned     core.py:1125
                             4000 of its shards (highest                       
                             utility_score first); raise                       
                             NOUGEN_FUZZY_MAX_ROWS to widen                    
[08/18/26 16:50:34] INFO     fuzzy lane capped on db8: scanned     core.py:1125
                             4000 of its shards (highest                       
                             utility_score first); raise                       
                             NOUGEN_FUZZY_MAX_ROWS to widen                    
[08/18/26 16:50:35] INFO     fuzzy lane capped on db9: scanned     core.py:1125
                             4000 of its shards (highest                       
                             utility_score first); raise                       
                             NOUGEN_FUZZY_MAX_ROWS to widen                    
                    WARNING  external DB skipped (conf 1): disallowed sql.py:64
                             URI scheme                                        
                    WARNING  external DB skipped (conf 2): disallowed sql.py:64
                             URI scheme                                        
                    WARNING  external DB skipped (conf 3): disallowed sql.py:64
                             URI scheme                                        
                    WARNING  external DB skipped (conf 4): disallowed sql.py:64
                             URI scheme                                        
                    WARNING  local vault skipped (24):       local_vault.py:440
                             OperationalError: no such                         
                             table: agent_artifacts                            
[Tue 08/18/2026 16:52:46.43] starting NGS node 
[*] node token: configured (fp=9c67af03a9da)
[*] bind      : 0.0.0.0:4444
[*] federate  : http://10.0.0.87:4444   <- peers link this URL
[*] HUD       : not mounted (network-exposed, no NGS_HUD_USER/PASSWORD) - intended
[*] peers need NGS_ALLOW_INSECURE_CLOUD=1 for plaintext http to 10.0.0.87
[*] exec      : C:\Users\super\Watchtower\NouGen\NouGenShards-push-main\.venv\Scripts\python.exe -m uvicorn app:app --host 0.0.0.0 --port 4444
[WARN] Interactive API docs not mounted: host is network-exposed (bind=0.0.0.0, managed_platform=False). Set NGS_DOCS_PUBLIC=1 to publish /docs, /redoc and /openapi.json anyway.
C:\Users\super\Watchtower\NouGen\NouGenShards-push-main\app.py:1011: UserWarning: The parameters have been moved from the Blocks constructor to the launch() method in Gradio 6.0: theme. Please pass these parameters to launch() instead.
  with gr.Blocks(title="NouGenShards Cortex HUD", theme=gr.themes.Soft()) as cortex_hud:
[08/18/26 16:53:05] INFO     HTTP Request: HEAD                 _client.py:1025
                             https://huggingface.co/api/telemet                
                             ry/https%3A/api.gradio.app/gradio-                
                             initiated-analytics "HTTP/1.1 200                 
                             OK"                                               
[WARN] Cortex HUD not mounted: host is network-exposed (bind=0.0.0.0, managed_platform=False) and NGS_HUD_USER/NGS_HUD_PASSWORD are unset. The /mcp endpoint and REST API remain available; set both env vars to serve the vault UI.
INFO:     Started server process [25848]
INFO:     Waiting for application startup.
[08/18/26 16:53:06] INFO     StreamableHTTP      streamable_http_manager.py:131
                             session manager                                   
                             started                                           
INFO:     Application startup complete.
INFO:     Uvicorn running on http://0.0.0.0:4444 (Press CTRL+C to quit)
                    INFO     HTTP Request: GET                  _client.py:1025
                             https://api.gradio.app/pkg-version                
                             "HTTP/1.1 200 OK"                                 
INFO:     2601:58b:1700:6960:8d0a:4ef6:56da:a38b:0 - "GET /health HTTP/1.1" 200 OK
INFO:     2601:58b:1700:6960:8d0a:4ef6:56da:a38b:0 - "POST /sync/push HTTP/1.1" 200 OK
INFO:     2601:58b:1700:6960:8d0a:4ef6:56da:a38b:0 - "HEAD /health HTTP/1.1" 405 Method Not Allowed
INFO:     134.122.125.77:0 - "GET / HTTP/1.1" 404 Not Found
INFO:     2a06:98c0:3600::103:0 - "POST /mcp/ HTTP/1.1" 200 OK
[08/18/26 18:12:32] INFO     Terminating session: None   streamable_http.py:785
[08/18/26 18:12:33] INFO     Processing request of type           server.py:727
                             CallToolRequest                                   
[08/18/26 18:12:47] WARNING  external DB skipped (conf 1): disallowed sql.py:64
                             URI scheme                                        
                    WARNING  external DB skipped (conf 2): disallowed sql.py:64
                             URI scheme                                        
                    WARNING  external DB skipped (conf 3): disallowed sql.py:64
                             URI scheme                                        
                    WARNING  external DB skipped (conf 4): disallowed sql.py:64
                             URI scheme                                        
                    WARNING  local vault skipped (24):       local_vault.py:440
                             OperationalError: no such                         
                             table: agent_artifacts                            
INFO:     2a06:98c0:3600::103:0 - "POST /mcp/ HTTP/1.1" 200 OK
                    INFO     Terminating session: None   streamable_http.py:785
INFO:     2a06:98c0:3600::103:0 - "POST /mcp/ HTTP/1.1" 200 OK
[08/18/26 19:16:20] INFO     Terminating session: None   streamable_http.py:785
                    INFO     Processing request of type           server.py:727
                             CallToolRequest                                   
[08/18/26 19:16:41] WARNING  external DB skipped (conf 1): disallowed sql.py:64
                             URI scheme                                        
                    WARNING  external DB skipped (conf 2): disallowed sql.py:64
                             URI scheme                                        
                    WARNING  external DB skipped (conf 3): disallowed sql.py:64
                             URI scheme                                        
                    WARNING  external DB skipped (conf 4): disallowed sql.py:64
                             URI scheme                                        
                    WARNING  local vault skipped (24):       local_vault.py:440
                             OperationalError: no such                         
                             table: agent_artifacts                            
[08/18/26 19:16:43] WARNING  local vault 8: timed out after  local_vault.py:395
                             2.0s, dropped from sweep                          
INFO:     2a06:98c0:3600::103:0 - "POST /mcp/ HTTP/1.1" 200 OK
                    INFO     Terminating session: None   streamable_http.py:785
INFO:     2a06:98c0:3600::103:0 - "POST /mcp/ HTTP/1.1" 200 OK
[08/18/26 19:19:20] INFO     Terminating session: None   streamable_http.py:785
                    INFO     Processing request of type           server.py:727
                             CallToolRequest                                   
[08/18/26 19:19:38] WARNING  external DB skipped (conf 1): disallowed sql.py:64
                             URI scheme                                        
                    WARNING  external DB skipped (conf 2): disallowed sql.py:64
                             URI scheme                                        
                    WARNING  external DB skipped (conf 3): disallowed sql.py:64
                             URI scheme                                        
                    WARNING  external DB skipped (conf 4): disallowed sql.py:64
                             URI scheme                                        
                    WARNING  local vault skipped (24):       local_vault.py:440
                             OperationalError: no such                         
                             table: agent_artifacts                            
INFO:     2a06:98c0:3600::103:0 - "POST /mcp/ HTTP/1.1" 200 OK
[08/18/26 19:19:39] INFO     Terminating session: None   streamable_http.py:785
INFO:     2a06:98c0:3600::103:0 - "POST /mcp/ HTTP/1.1" 200 OK
[08/18/26 19:20:48] INFO     Terminating session: None   streamable_http.py:785
                    INFO     Processing request of type           server.py:727
                             CallToolRequest                                   
[08/18/26 19:21:06] WARNING  external DB skipped (conf 1): disallowed sql.py:64
                             URI scheme                                        
                    WARNING  external DB skipped (conf 2): disallowed sql.py:64
                             URI scheme                                        
                    WARNING  external DB skipped (conf 3): disallowed sql.py:64
                             URI scheme                                        
                    WARNING  external DB skipped (conf 4): disallowed sql.py:64
                             URI scheme                                        
[08/18/26 19:21:07] WARNING  local vault skipped (24):       local_vault.py:440
                             OperationalError: no such                         
                             table: agent_artifacts                            
INFO:     2a06:98c0:3600::103:0 - "POST /mcp/ HTTP/1.1" 200 OK
                    INFO     Terminating session: None   streamable_http.py:785
[Tue 08/18/2026 20:35:26.52] starting NGS node 
[*] node token: configured (fp=9c67af03a9da)
[*] bind      : 0.0.0.0:4444
[*] federate  : http://127.0.0.1:4444   <- peers link this URL
[*] HUD       : not mounted (network-exposed, no NGS_HUD_USER/PASSWORD) - intended
[*] peers need NGS_ALLOW_INSECURE_CLOUD=1 for plaintext http to 127.0.0.1
[*] exec      : C:\Users\super\Watchtower\NouGen\NouGenShards-push-main\.venv\Scripts\python.exe -m uvicorn app:app --host 0.0.0.0 --port 4444
[WARN] Interactive API docs not mounted: host is network-exposed (bind=0.0.0.0, managed_platform=False). Set NGS_DOCS_PUBLIC=1 to publish /docs, /redoc and /openapi.json anyway.
C:\Users\super\Watchtower\NouGen\NouGenShards-push-main\app.py:1011: UserWarning: The parameters have been moved from the Blocks constructor to the launch() method in Gradio 6.0: theme. Please pass these parameters to launch() instead.
  with gr.Blocks(title="NouGenShards Cortex HUD", theme=gr.themes.Soft()) as cortex_hud:
[08/18/26 20:44:07] INFO     HTTP Request: HEAD                 _client.py:1025
                             https://huggingface.co/api/telemet                
                             ry/https%3A/api.gradio.app/gradio-                
                             initiated-analytics "HTTP/1.1 200                 
                             OK"                                               
                    INFO     HTTP Request: GET                  _client.py:1025
                             https://api.gradio.app/pkg-version                
                             "HTTP/1.1 200 OK"                                 
[WARN] Cortex HUD not mounted: host is network-exposed (bind=0.0.0.0, managed_platform=False) and NGS_HUD_USER/NGS_HUD_PASSWORD are unset. The /mcp endpoint and REST API remain available; set both env vars to serve the vault UI.
INFO:     Started server process [24652]
INFO:     Waiting for application startup.
[08/18/26 20:44:11] INFO     StreamableHTTP      streamable_http_manager.py:131
                             session manager                                   
                             started                                           
INFO:     Application startup complete.
INFO:     Uvicorn running on http://0.0.0.0:4444 (Press CTRL+C to quit)
INFO:     2a06:98c0:3600::103:0 - "POST /mcp/ HTTP/1.1" 200 OK
[08/18/26 21:04:27] INFO     Terminating session: None   streamable_http.py:785
[08/18/26 21:04:28] INFO     Processing request of type           server.py:727
                             CallToolRequest                                   
[08/18/26 21:05:10] WARNING  external DB skipped (conf 1): disallowed sql.py:64
                             URI scheme                                        
                    WARNING  external DB skipped (conf 2): disallowed sql.py:64
                             URI scheme                                        
                    WARNING  external DB skipped (conf 3): disallowed sql.py:64
                             URI scheme                                        
                    WARNING  external DB skipped (conf 4): disallowed sql.py:64
                             URI scheme                                        
[08/18/26 21:05:11] WARNING  local vault skipped (24):       local_vault.py:440
                             OperationalError: no such                         
                             table: agent_artifacts                            
[08/18/26 21:05:12] WARNING  local vault 2: timed out after  local_vault.py:395
                             2.0s, dropped from sweep                          
                    WARNING  local vault 8: timed out after  local_vault.py:395
                             2.0s, dropped from sweep                          
[08/18/26 21:05:13] WARNING  local vault 21: timed out after local_vault.py:395
                             2.0s, dropped from sweep                          
[08/18/26 21:05:14] WARNING  local vault 34: timed out after local_vault.py:395
                             2.0s, dropped from sweep                          
INFO:     2a06:98c0:3600::103:0 - "POST /mcp/ HTTP/1.1" 200 OK
                    INFO     Terminating session: None   streamable_http.py:785
INFO:     2a06:98c0:3600::103:0 - "POST /mcp/ HTTP/1.1" 200 OK
[08/18/26 21:05:48] INFO     Terminating session: None   streamable_http.py:785
                    INFO     Processing request of type           server.py:727
                             CallToolRequest                                   
[08/18/26 21:06:11] WARNING  external DB skipped (conf 1): disallowed sql.py:64
                             URI scheme                                        
                    WARNING  external DB skipped (conf 2): disallowed sql.py:64
                             URI scheme                                        
                    WARNING  external DB skipped (conf 3): disallowed sql.py:64
                             URI scheme                                        
                    WARNING  external DB skipped (conf 4): disallowed sql.py:64
                             URI scheme                                        
                    WARNING  local vault skipped (24):       local_vault.py:440
                             OperationalError: no such                         
                             table: agent_artifacts                            
[08/18/26 21:06:13] WARNING  local vault 8: timed out after  local_vault.py:395
                             2.0s, dropped from sweep                          
INFO:     2a06:98c0:3600::103:0 - "POST /mcp/ HTTP/1.1" 200 OK
[08/18/26 21:06:14] INFO     Terminating session: None   streamable_http.py:785
INFO:     2a06:98c0:3600::103:0 - "POST /mcp/ HTTP/1.1" 200 OK
[08/18/26 21:10:18] INFO     Terminating session: None   streamable_http.py:785
                    INFO     Processing request of type           server.py:727
                             CallToolRequest                                   
[08/18/26 21:10:28] WARNING  shard written WITHOUT embedding        core.py:531
                             (model=nomic-embed-text, miss #1) --              
                             semantic recall will not see it until             
                             backfill runs; is ollama up?                      
INFO:     2a06:98c0:3600::103:0 - "POST /mcp/ HTTP/1.1" 200 OK
                    INFO     Terminating session: None   streamable_http.py:785
INFO:     2a06:98c0:3600::103:0 - "GET /health HTTP/1.1" 200 OK
INFO:     2a06:98c0:3600::103:0 - "POST /mcp/ HTTP/1.1" 200 OK
[08/18/26 21:14:20] INFO     Terminating session: None   streamable_http.py:785
                    INFO     Processing request of type           server.py:727
                             CallToolRequest                                   
[08/18/26 21:14:22] INFO     Keymaker secrets store:            keymaker.py:326
                             C:\Users\super\.nougen\secrets\sha                
                             rds_secrets.db (62 rows, newest                   
                             rotation 2026-08-17 19:22:45)                     
INFO:     2a06:98c0:3600::103:0 - "POST /mcp/ HTTP/1.1" 200 OK
                    INFO     Terminating session: None   streamable_http.py:785
INFO:     2a06:98c0:3600::103:0 - "POST /mcp/ HTTP/1.1" 200 OK
[08/18/26 21:14:50] INFO     Terminating session: None   streamable_http.py:785
                    INFO     Processing request of type           server.py:727
                             CallToolRequest                                   
[08/18/26 21:15:10] WARNING  external DB skipped (conf 1): disallowed sql.py:64
                             URI scheme                                        
                    WARNING  external DB skipped (conf 2): disallowed sql.py:64
                             URI scheme                                        
                    WARNING  external DB skipped (conf 3): disallowed sql.py:64
                             URI scheme                                        
                    WARNING  external DB skipped (conf 4): disallowed sql.py:64
                             URI scheme                                        
[08/18/26 21:15:11] WARNING  local vault skipped (24):       local_vault.py:440
                             OperationalError: no such                         
                             table: agent_artifacts                            
[08/18/26 21:15:12] WARNING  local vault 2: timed out after  local_vault.py:395
                             2.0s, dropped from sweep                          
                    WARNING  local vault 8: timed out after  local_vault.py:395
                             2.0s, dropped from sweep                          
[08/18/26 21:15:13] WARNING  local vault 21: timed out after local_vault.py:395
                             2.0s, dropped from sweep                          
INFO:     2a06:98c0:3600::103:0 - "POST /mcp/ HTTP/1.1" 200 OK
                    INFO     Terminating session: None   streamable_http.py:785
INFO:     2a06:98c0:3600::103:0 - "POST /mcp/ HTTP/1.1" 200 OK
[08/18/26 21:15:40] INFO     Terminating session: None   streamable_http.py:785
                    INFO     Processing request of type           server.py:727
                             CallToolRequest                                   
INFO:     2a06:98c0:3600::103:0 - "POST /mcp/ HTTP/1.1" 200 OK
                    INFO     Terminating session: None   streamable_http.py:785
INFO:     2a06:98c0:3600::103:0 - "POST /mcp/ HTTP/1.1" 200 OK
[08/18/26 21:19:40] INFO     Terminating session: None   streamable_http.py:785
                    INFO     Processing request of type           server.py:727
                             CallToolRequest                                   
INFO:     2a06:98c0:3600::103:0 - "POST /mcp/ HTTP/1.1" 200 OK
[08/18/26 21:19:44] INFO     Terminating session: None   streamable_http.py:785
INFO:     2a06:98c0:3600::103:0 - "POST /mcp/ HTTP/1.1" 200 OK
[08/18/26 21:29:49] INFO     Terminating session: None   streamable_http.py:785
                    INFO     Processing request of type           server.py:727
                             CallToolRequest                                   
[08/18/26 21:29:59] WARNING  shard written WITHOUT embedding        core.py:531
                             (model=nomic-embed-text, miss #2) --              
                             semantic recall will not see it until             
                             backfill runs; is ollama up?                      
INFO:     2a06:98c0:3600::103:0 - "POST /mcp/ HTTP/1.1" 200 OK
                    INFO     Terminating session: None   streamable_http.py:785
INFO:     2a06:98c0:3600::103:0 - "POST /mcp/ HTTP/1.1" 200 OK
[08/18/26 21:40:14] INFO     Terminating session: None   streamable_http.py:785
                    INFO     Processing request of type           server.py:727
                             CallToolRequest                                   
INFO:     2a06:98c0:3600::103:0 - "POST /mcp/ HTTP/1.1" 200 OK
[08/18/26 21:40:19] INFO     Terminating session: None   streamable_http.py:785
INFO:     127.0.0.1:13742 - "GET /health HTTP/1.1" 200 OK
INFO:     2a06:98c0:3600::103:0 - "POST /mcp/ HTTP/1.1" 200 OK
[08/19/26 00:55:01] INFO     Terminating session: None   streamable_http.py:785
[08/19/26 00:55:33] INFO     Processing request of type           server.py:727
                             CallToolRequest                                   
[08/19/26 01:13:44] WARNING  external DB skipped (conf 1): disallowed sql.py:64
                             URI scheme                                        
[08/19/26 01:13:55] WARNING  external DB skipped (conf 2): disallowed sql.py:64
                             URI scheme                                        
[08/19/26 01:14:00] WARNING  external DB skipped (conf 3): disallowed sql.py:64
                             URI scheme                                        
[08/19/26 01:14:07] WARNING  external DB skipped (conf 4): disallowed sql.py:64
                             URI scheme                                        
[08/19/26 01:15:04] WARNING  local vault 7: timed out after  local_vault.py:395
                             2.0s, dropped from sweep                          
[08/19/26 01:15:07] WARNING  local vault 8: timed out after  local_vault.py:395
                             2.0s, dropped from sweep                          
                    WARNING  local vault 2: timed out after  local_vault.py:395
                             2.0s, dropped from sweep                          
[08/19/26 01:15:12] WARNING  local vault skipped (24):       local_vault.py:440
                             OperationalError: no such                         
                             table: agent_artifacts                            
[08/19/26 01:15:18] WARNING  local vault 15: timed out after local_vault.py:395
                             2.0s, dropped from sweep                          
                    WARNING  local vault 34: timed out after local_vault.py:395
                             2.0s, dropped from sweep                          
                    WARNING  local vault 21: timed out after local_vault.py:395
                             2.0s, dropped from sweep                          
[08/19/26 01:16:07] WARNING  local vault 28: timed out after local_vault.py:395
                             2.0s, dropped from sweep                          
[08/19/26 01:16:10] WARNING  local vault 17: timed out after local_vault.py:395
                             2.0s, dropped from sweep                          
[08/19/26 01:16:37] ERROR    Exception in callback          base_events.py:1757
                             _ProactorBasePipeTransport._ca                    
                             ll_connection_lost(None)                          
                             handle: <Handle                                   
                             _ProactorBasePipeTransport._ca                    
                             ll_connection_lost(None)>                         
                             +- Traceback (most recent ca-+                    
                             | C:\Users\super\AppData\Loc |                    
                             | al\Programs\Python\Python3 |                    
                             | 11\Lib\asyncio\events.py:8 |                    
                             | 0 in _run                  |                    
                             |                            |                    
                             |    77                      |                    
                             |    78     def _run(self):  |                    
                             |    79         try:         |                    
                             | >  80             self._co |                    
                             |    81         except (Syst |                    
                             |    82             raise    |                    
                             |    83         except BaseE |                    
                             |                            |                    
                             | C:\Users\super\AppData\Loc |                    
                             | al\Programs\Python\Python3 |                    
                             | 11\Lib\asyncio\proactor_ev |                    
                             | ents.py:162 in             |                    
                             | _call_connection_lost      |                    
                             |                            |                    
                             |   159             # just c |                    
                             |   160             # cure i |                    
                             |   161             if hasat |                    
                             | > 162                 self |                    
                             |   163             self._so |                    
                             |   164             self._so |                    
                             |   165             server = |                    
                             +----------------------------+                    
                             ConnectionResetError:                             
                             [WinError 10054] An existing                      
                             connection was forcibly closed                    
                             by the remote host                                
[08/19/26 01:24:38] INFO     Terminating session: None   streamable_http.py:785
INFO:     2a06:98c0:3600::103:0 - "POST /mcp/ HTTP/1.1" 200 OK
[08/19/26 02:25:21] INFO     Terminating session: None   streamable_http.py:785
INFO:     2a06:98c0:3600::103:0 - "POST /mcp/ HTTP/1.1" 200 OK
[08/19/26 02:35:10] INFO     Terminating session: None   streamable_http.py:785
                    INFO     Processing request of type           server.py:727
                             CallToolRequest                                   
INFO:     2a06:98c0:3600::103:0 - "POST /mcp/ HTTP/1.1" 200 OK
[08/19/26 02:35:12] INFO     Terminating session: None   streamable_http.py:785
INFO:     2a06:98c0:3600::103:0 - "POST /mcp/ HTTP/1.1" 200 OK
[08/19/26 02:36:24] INFO     Terminating session: None   streamable_http.py:785
                    INFO     Processing request of type           server.py:727
                             CallToolRequest                                   
[08/19/26 02:37:51] WARNING  external DB skipped (conf 1): disallowed sql.py:64
                             URI scheme                                        
                    WARNING  external DB skipped (conf 2): disallowed sql.py:64
                             URI scheme                                        
                    WARNING  external DB skipped (conf 3): disallowed sql.py:64
                             URI scheme                                        
                    WARNING  external DB skipped (conf 4): disallowed sql.py:64
                             URI scheme                                        
[08/19/26 02:37:52] WARNING  local vault skipped (24):       local_vault.py:440
                             OperationalError: no such                         
                             table: agent_artifacts                            
[08/19/26 02:37:54] WARNING  local vault 8: timed out after  local_vault.py:395
                             2.0s, dropped from sweep                          
                    WARNING  local vault 2: timed out after  local_vault.py:395
                             2.0s, dropped from sweep                          
[08/19/26 02:37:56] WARNING  local vault 34: timed out after local_vault.py:395
                             2.0s, dropped from sweep                          
[08/19/26 02:37:57] WARNING  local vault 21: timed out after local_vault.py:395
                             2.0s, dropped from sweep                          
INFO:     2a06:98c0:3600::103:0 - "POST /mcp/ HTTP/1.1" 200 OK
                    INFO     Terminating session: None   streamable_http.py:785
INFO:     2a06:98c0:3600::103:0 - "POST /mcp/ HTTP/1.1" 200 OK
[08/19/26 02:38:27] INFO     Terminating session: None   streamable_http.py:785
                    INFO     Processing request of type           server.py:727
                             CallToolRequest                                   
INFO:     2a06:98c0:3600::103:0 - "POST /mcp/ HTTP/1.1" 200 OK
[08/19/26 02:38:33] INFO     Terminating session: None   streamable_http.py:785
INFO:     2a06:98c0:3600::103:0 - "POST /mcp/ HTTP/1.1" 200 OK
[08/19/26 02:38:59] INFO     Terminating session: None   streamable_http.py:785
INFO:     2a06:98c0:3600::103:0 - "POST /mcp/ HTTP/1.1" 200 OK
                    INFO     Terminating session: None   streamable_http.py:785
                    INFO     Processing request of type           server.py:727
                             CallToolRequest                                   
[08/19/26 02:42:50] INFO     Terminating session: None   streamable_http.py:785
                    INFO     Processing request of type           server.py:727
                             CallToolRequest                                   
[08/19/26 02:56:20] WARNING  external DB skipped (conf 1): disallowed sql.py:64
                             URI scheme                                        
                    WARNING  external DB skipped (conf 2): disallowed sql.py:64
                             URI scheme                                        
                    WARNING  external DB skipped (conf 3): disallowed sql.py:64
                             URI scheme                                        
                    WARNING  external DB skipped (conf 4): disallowed sql.py:64
                             URI scheme                                        
[08/19/26 02:56:23] WARNING  local vault 16: timed out after local_vault.py:395
                             2.0s, dropped from sweep                          
                    WARNING  local vault 11: timed out after local_vault.py:395
                             2.0s, dropped from sweep                          
                    WARNING  local vault 8: timed out after  local_vault.py:395
                             2.0s, dropped from sweep                          
                    WARNING  local vault 10: timed out after local_vault.py:395
                             2.0s, dropped from sweep                          
                    WARNING  local vault 17: timed out after local_vault.py:395
                             2.0s, dropped from sweep                          
                    WARNING  local vault 7: timed out after  local_vault.py:395
                             2.0s, dropped from sweep                          
                    WARNING  local vault skipped (24):       local_vault.py:440
                             OperationalError: no such                         
                             table: agent_artifacts                            
                    WARNING  local vault 3: timed out after  local_vault.py:395
                             2.0s, dropped from sweep                          
[08/19/26 02:56:26] WARNING  local vault 15: timed out after local_vault.py:395
                             2.0s, dropped from sweep                          
                    WARNING  local vault 28: timed out after local_vault.py:395
                             2.0s, dropped from sweep                          
[08/19/26 02:56:27] WARNING  local vault 14: timed out after local_vault.py:395
                             2.0s, dropped from sweep                          
[08/19/26 02:56:31] WARNING  local vault 2: timed out after  local_vault.py:395
                             2.0s, dropped from sweep                          
                    WARNING  local vault 32: timed out after local_vault.py:395
                             2.0s, dropped from sweep                          
[08/19/26 02:56:32] WARNING  local vault 21: timed out after local_vault.py:395
                             2.0s, dropped from sweep                          
[08/19/26 02:56:36] WARNING  local vault 34: timed out after local_vault.py:395
                             2.0s, dropped from sweep                          
[08/19/26 02:56:37] WARNING  local vault 4: timed out after  local_vault.py:395
                             2.0s, dropped from sweep                          
[08/19/26 02:56:49] WARNING  local vault 19: timed out after local_vault.py:395
                             2.0s, dropped from sweep                          
[08/19/26 02:56:51] INFO     Terminating session: None   streamable_http.py:785
                    ERROR    Exception in callback          base_events.py:1757
                             _ProactorBasePipeTransport._ca                    
                             ll_connection_lost(None)                          
                             handle: <Handle                                   
                             _ProactorBasePipeTransport._ca                    
                             ll_connection_lost(None)>                         
                             +- Traceback (most recent ca-+                    
                             | C:\Users\super\AppData\Loc |                    
                             | al\Programs\Python\Python3 |                    
                             | 11\Lib\asyncio\events.py:8 |                    
                             | 0 in _run                  |                    
                             |                            |                    
                             |    77                      |                    
                             |    78     def _run(self):  |                    
                             |    79         try:         |                    
                             | >  80             self._co |                    
                             |    81         except (Syst |                    
                             |    82             raise    |                    
                             |    83         except BaseE |                    
                             |                            |                    
                             | C:\Users\super\AppData\Loc |                    
                             | al\Programs\Python\Python3 |                    
                             | 11\Lib\asyncio\proactor_ev |                    
                             | ents.py:162 in             |                    
                             | _call_connection_lost      |                    
                             |                            |                    
                             |   159             # just c |                    
                             |   160             # cure i |                    
                             |   161             if hasat |                    
                             | > 162                 self |                    
                             |   163             self._so |                    
                             |   164             self._so |                    
                             |   165             server = |                    
                             +----------------------------+                    
                             ConnectionResetError:                             
                             [WinError 10054] An existing                      
                             connection was forcibly closed                    
                             by the remote host                                
[08/19/26 02:56:53] ERROR    Error handling POST request streamable_http.py:648
                             +- Traceback (most recent-+                       
                             | C:\Users\super\Watchtow |                       
                             | er\NouGen\NouGenShards- |                       
                             | push-main\.venv\Lib\sit |                       
                             | e-packages\mcp\server\s |                       
                             | treamable_http.py:466   |                       
                             | in _handle_post_request |                       
                             |                         |                       
                             |    463                  |                       
                             |    464                  |                       
                             |    465             # Pa |                       
                             | >  466             body |                       
                             |    467                  |                       
                             |    468             try: |                       
                             |    469                  |                       
                             |                         |                       
                             | C:\Users\super\Watchtow |                       
                             | er\NouGen\NouGenShards- |                       
                             | push-main\.venv\Lib\sit |                       
                             | e-packages\starlette\re |                       
                             | quests.py:257 in body   |                       
                             |                         |                       
                             |   254     async def bod |                       
                             |   255         if not ha |                       
                             |   256             chunk |                       
                             | > 257             async |                       
                             |   258                 c |                       
                             |   259             self. |                       
                             |   260         return se |                       
                             |                         |                       
                             | C:\Users\super\Watchtow |                       
                             | er\NouGen\NouGenShards- |                       
                             | push-main\.venv\Lib\sit |                       
                             | e-packages\starlette\re |                       
                             | quests.py:251 in stream |                       
                             |                         |                       
                             |   248                   |                       
                             |   249             elif  |                       
                             |   250                 s |                       
                             | > 251                 r |                       
                             |   252         yield b"" |                       
                             |   253                   |                       
                             |   254     async def bod |                       
                             +-------------------------+                       
                             ClientDisconnect                                  
[08/19/26 02:56:57] ERROR    Exception in callback          base_events.py:1757
                             _ProactorBasePipeTransport._ca                    
                             ll_connection_lost(None)                          
                             handle: <Handle                                   
                             _ProactorBasePipeTransport._ca                    
                             ll_connection_lost(None)>                         
                             +- Traceback (most recent ca-+                    
                             | C:\Users\super\AppData\Loc |                    
                             | al\Programs\Python\Python3 |                    
                             | 11\Lib\asyncio\events.py:8 |                    
                             | 0 in _run                  |                    
                             |                            |                    
                             |    77                      |                    
                             |    78     def _run(self):  |                    
                             |    79         try:         |                    
                             | >  80             self._co |                    
                             |    81         except (Syst |                    
                             |    82             raise    |                    
                             |    83         except BaseE |                    
                             |                            |                    
                             | C:\Users\super\AppData\Loc |                    
                             | al\Programs\Python\Python3 |                    
                             | 11\Lib\asyncio\proactor_ev |                    
                             | ents.py:162 in             |                    
                             | _call_connection_lost      |                    
                             |                            |                    
                             |   159             # just c |                    
                             |   160             # cure i |                    
                             |   161             if hasat |                    
                             | > 162                 self |                    
                             |   163             self._so |                    
                             |   164             self._so |                    
                             |   165             server = |                    
                             +----------------------------+                    
                             ConnectionResetError:                             
                             [WinError 10054] An existing                      
                             connection was forcibly closed                    
                             by the remote host                                
[08/19/26 02:56:58] ERROR    Exception in callback          base_events.py:1757
                             _ProactorBasePipeTransport._ca                    
                             ll_connection_lost(None)                          
                             handle: <Handle                                   
                             _ProactorBasePipeTransport._ca                    
                             ll_connection_lost(None)>                         
                             +- Traceback (most recent ca-+                    
                             | C:\Users\super\AppData\Loc |                    
                             | al\Programs\Python\Python3 |                    
                             | 11\Lib\asyncio\events.py:8 |                    
                             | 0 in _run                  |                    
                             |                            |                    
                             |    77                      |                    
                             |    78     def _run(self):  |                    
                             |    79         try:         |                    
                             | >  80             self._co |                    
                             |    81         except (Syst |                    
                             |    82             raise    |                    
                             |    83         except BaseE |                    
                             |                            |                    
                             | C:\Users\super\AppData\Loc |                    
                             | al\Programs\Python\Python3 |                    
                             | 11\Lib\asyncio\proactor_ev |                    
                             | ents.py:162 in             |                    
                             | _call_connection_lost      |                    
                             |                            |                    
                             |   159             # just c |                    
                             |   160             # cure i |                    
                             |   161             if hasat |                    
                             | > 162                 self |                    
                             |   163             self._so |                    
                             |   164             self._so |                    
                             |   165             server = |                    
                             +----------------------------+                    
                             ConnectionResetError:                             
                             [WinError 10054] An existing                      
                             connection was forcibly closed                    
                             by the remote host                                
[08/19/26 02:57:00] INFO     Terminating session: None   streamable_http.py:785
                    ERROR    Received exception from stream:      server.py:707
INFO:     2a06:98c0:3600::103:0 - "POST /mcp/ HTTP/1.1" 200 OK
[08/19/26 09:37:57] INFO     Terminating session: None   streamable_http.py:785
                    INFO     Processing request of type           server.py:727
                             CallToolRequest                                   
[08/19/26 09:38:34] WARNING  external DB skipped (conf 1): disallowed sql.py:64
                             URI scheme                                        
                    WARNING  external DB skipped (conf 2): disallowed sql.py:64
                             URI scheme                                        
                    WARNING  external DB skipped (conf 3): disallowed sql.py:64
                             URI scheme                                        
                    WARNING  external DB skipped (conf 4): disallowed sql.py:64
                             URI scheme                                        
[08/19/26 09:38:35] WARNING  local vault skipped (24):       local_vault.py:440
                             OperationalError: no such                         
                             table: agent_artifacts                            
[08/19/26 09:38:36] WARNING  local vault 2: timed out after  local_vault.py:395
                             2.0s, dropped from sweep                          
                    WARNING  local vault 8: timed out after  local_vault.py:395
                             2.0s, dropped from sweep                          
[08/19/26 09:38:37] WARNING  local vault 21: timed out after local_vault.py:395
                             2.0s, dropped from sweep                          
INFO:     2a06:98c0:3600::103:0 - "POST /mcp/ HTTP/1.1" 200 OK
                    INFO     Terminating session: None   streamable_http.py:785
INFO:     2a06:98c0:3600::103:0 - "GET /health HTTP/1.1" 200 OK
INFO:     2a06:98c0:3600::103:0 - "POST /mcp/ HTTP/1.1" 200 OK
[08/19/26 09:54:59] INFO     Terminating session: None   streamable_http.py:785
[08/19/26 09:55:00] INFO     Processing request of type           server.py:727
                             CallToolRequest                                   
[08/19/26 09:55:55] WARNING  external DB skipped (conf 1): disallowed sql.py:64
                             URI scheme                                        
                    WARNING  external DB skipped (conf 2): disallowed sql.py:64
                             URI scheme                                        
                    WARNING  external DB skipped (conf 3): disallowed sql.py:64
                             URI scheme                                        
                    WARNING  external DB skipped (conf 4): disallowed sql.py:64
                             URI scheme                                        
[08/19/26 09:55:56] WARNING  local vault skipped (24):       local_vault.py:440
                             OperationalError: no such                         
                             table: agent_artifacts                            
[08/19/26 09:55:57] WARNING  local vault 8: timed out after  local_vault.py:395
                             2.0s, dropped from sweep                          
                    WARNING  local vault 2: timed out after  local_vault.py:395
                             2.0s, dropped from sweep                          
                    WARNING  local vault 15: timed out after local_vault.py:395
                             2.0s, dropped from sweep                          
[08/19/26 09:55:58] WARNING  local vault 21: timed out after local_vault.py:395
                             2.0s, dropped from sweep                          
                    WARNING  local vault 34: timed out after local_vault.py:395
                             2.0s, dropped from sweep                          
INFO:     2a06:98c0:3600::103:0 - "POST /mcp/ HTTP/1.1" 200 OK
                    INFO     Terminating session: None   streamable_http.py:785
INFO:     2a06:98c0:3600::103:0 - "GET /health HTTP/1.1" 200 OK
[Wed 08/19/2026 10:29:43.45] starting NGS node 
[*] node token: configured (fp=9c67af03a9da)
[*] bind      : 0.0.0.0:4444
[*] federate  : http://127.0.0.1:4444   <- peers link this URL
[*] HUD       : not mounted (network-exposed, no NGS_HUD_USER/PASSWORD) - intended
[*] peers need NGS_ALLOW_INSECURE_CLOUD=1 for plaintext http to 127.0.0.1
[*] exec      : C:\Users\super\Watchtower\NouGen\NouGenShards-push-main\.venv\Scripts\python.exe -m uvicorn app:app --host 0.0.0.0 --port 4444
[WARN] Interactive API docs not mounted: host is network-exposed (bind=0.0.0.0, managed_platform=False). Set NGS_DOCS_PUBLIC=1 to publish /docs, /redoc and /openapi.json anyway.
C:\Users\super\Watchtower\NouGen\NouGenShards-push-main\app.py:1011: UserWarning: The parameters have been moved from the Blocks constructor to the launch() method in Gradio 6.0: theme. Please pass these parameters to launch() instead.
  with gr.Blocks(title="NouGenShards Cortex HUD", theme=gr.themes.Soft()) as cortex_hud:
[08/19/26 10:33:59] INFO     HTTP Request: HEAD                 _client.py:1025
                             https://huggingface.co/api/telemet                
                             ry/https%3A/api.gradio.app/gradio-                
                             initiated-analytics "HTTP/1.1 200                 
                             OK"                                               
[08/19/26 10:34:00] INFO     HTTP Request: GET                  _client.py:1025
                             https://api.gradio.app/pkg-version                
                             "HTTP/1.1 200 OK"                                 
[WARN] Cortex HUD not mounted: host is network-exposed (bind=0.0.0.0, managed_platform=False) and NGS_HUD_USER/NGS_HUD_PASSWORD are unset. The /mcp endpoint and REST API remain available; set both env vars to serve the vault UI.
INFO:     Started server process [23000]
INFO:     Waiting for application startup.
[08/19/26 10:34:05] INFO     StreamableHTTP      streamable_http_manager.py:131
                             session manager                                   
                             started                                           
INFO:     Application startup complete.
INFO:     Uvicorn running on http://0.0.0.0:4444 (Press CTRL+C to quit)
INFO:     127.0.0.1:14980 - "GET /health HTTP/1.1" 200 OK
INFO:     127.0.0.1:1917 - "GET /health HTTP/1.1" 200 OK
[Thu 08/20/2026  9:16:26.25] starting NGS node 
[*] node token: configured (fp=9c67af03a9da)
[*] bind      : 0.0.0.0:4444
[*] federate  : http://10.0.0.87:4444   <- peers link this URL
[*] HUD       : not mounted (network-exposed, no NGS_HUD_USER/PASSWORD) - intended
[*] peers need NGS_ALLOW_INSECURE_CLOUD=1 for plaintext http to 10.0.0.87
[*] exec      : C:\Users\super\Watchtower\NouGen\NouGenShards-push-main\.venv\Scripts\python.exe -m uvicorn app:app --host 0.0.0.0 --port 4444
[WARN] Interactive API docs not mounted: host is network-exposed (bind=0.0.0.0, managed_platform=False). Set NGS_DOCS_PUBLIC=1 to publish /docs, /redoc and /openapi.json anyway.
C:\Users\super\Watchtower\NouGen\NouGenShards-push-main\app.py:1011: UserWarning: The parameters have been moved from the Blocks constructor to the launch() method in Gradio 6.0: theme. Please pass these parameters to launch() instead.
  with gr.Blocks(title="NouGenShards Cortex HUD", theme=gr.themes.Soft()) as cortex_hud:
[08/20/26 09:18:53] INFO     HTTP Request: GET                  _client.py:1025
                             https://huggingface.co/api/agent-h                
                             arnesses "HTTP/1.1 200 OK"                        
[WARN] Cortex HUD not mounted: host is network-exposed (bind=0.0.0.0, managed_platform=False) and NGS_HUD_USER/NGS_HUD_PASSWORD are unset. The /mcp endpoint and REST API remain available; set both env vars to serve the vault UI.
                    INFO     HTTP Request: GET                  _client.py:1025
                             https://api.gradio.app/pkg-version                
                             "HTTP/1.1 200 OK"                                 
                    INFO     HTTP Request: HEAD                 _client.py:1025
                             https://huggingface.co/api/telemet                
                             ry/https%3A/api.gradio.app/gradio-                
                             initiated-analytics "HTTP/1.1 200                 
                             OK"                                               
INFO:     Started server process [22504]
INFO:     Waiting for application startup.
[08/20/26 09:18:54] INFO     StreamableHTTP      streamable_http_manager.py:131
                             session manager                                   
                             started                                           
INFO:     Application startup complete.
INFO:     Uvicorn running on http://0.0.0.0:4444 (Press CTRL+C to quit)
INFO:     2a06:98c0:3600::103:0 - "GET /health HTTP/1.1" 200 OK
INFO:     127.0.0.1:6693 - "GET /health HTTP/1.1" 200 OK
[Thu 08/20/2026  9:25:23.17] NGS node exited with 1 
